DATAFLOW,LAST UPDATE,freq,siec,plant_tec,operator,unit,geo,TIME_PERIOD,OBS_VALUE,OBS_FLAG,CONF_STATUS
ESTAT:NRG_INF_EPC$DEFAULTVIEW(1.0),08/04/26 23:00:00,Annual,Total,Net maximum electrical capacity,Autoproducers,Megawatt,Albania,2015,0.000,,
ESTAT:NRG_INF_EPC$DEFAULTVIEW(1.0),08/04/26 23:00:00,Annual,Total,Net maximum electrical capacity,Autoproducers,Megawatt,Albania,2016,0.000,,
ESTAT:NRG_INF_EPC$DEFAULTVIEW(1.0),08/04/26 23:00:00,Annual,Total,Net maximum electrical capacity,Autoproducers,Megawatt,Albania,2017,0.000,,
ESTAT:NRG_INF_EPC$DEFAULTVIEW(1.0),08/04/26 23:00:00,Annual,Total,Net maximum electrical capacity,Autoproducers,Megawatt,Albania,2018,0.000,,
ESTAT:NRG_INF_EPC$DEFAULTVIEW(1.0),08/04/26 23:00:00,Annual,Total,Net maximum electrical capacity,Autoproducers,Megawatt,Albania,2019,0.000,,
ESTAT:NRG_INF_EPC$DEFAULTVIEW(1.0),08/04/26 23:00:00,Annual,Total,Net maximum electrical capacity,Autoproducers,Megawatt,Albania,2020,0.000,,
ESTAT:NRG_INF_EPC$DEFAULTVIEW(1.0),08/04/26 23:00:00,Annual,Total,Net maximum electrical capacity,Autoproducers,Megawatt,Albania,2021,0.000,,
ESTAT:NRG_INF_EPC$DEFAULTVIEW(1.0),08/04/26 23:00:00,Annual,Total,Net maximum electrical capacity,Autoproducers,Megawatt,Albania,2022,0.000,,
ESTAT:NRG_INF_EPC$DEFAULTVIEW(1.0),08/04/26 23:00:00,Annual,Total,Net maximum electrical capacity,Autoproducers,Megawatt,Albania,2023,0.000,,
ESTAT:NRG_INF_EPC$DEFAULTVIEW(1.0),08/04/26 23:00:00,Annual,Total,Net maximum electrical capacity,Autoproducers,Megawatt,Albania,2024,270.570,,
ESTAT:NRG_INF_EPC$DEFAULTVIEW(1.0),08/04/26 23:00:00,Annual,Total,Net maximum electrical capacity,Autoproducers,Megawatt,Austria,2015,2237.746,,
ESTAT:NRG_INF_EPC$DEFAULTVIEW(1.0),08/04/26 23:00:00,Annual,Total,Net maximum electrical capacity,Autoproducers,Megawatt,Austria,2016,2257.716,,
ESTAT:NRG_INF_EPC$DEFAULTVIEW(1.0),08/04/26 23:00:00,Annual,Total,Net maximum electrical capacity,Autoproducers,Megawatt,Austria,2017,1772.974,,
ESTAT:NRG_INF_EPC$DEFAULTVIEW(1.0),08/04/26 23:00:00,Annual,Total,Net maximum electrical capacity,Autoproducers,Megawatt,Austria,2018,1716.162,,
ESTAT:NRG_INF_EPC$DEFAULTVIEW(1.0),08/04/26 23:00:00,Annual,Total,Net maximum electrical capacity,Autoproducers,Megawatt,Austria,2019,2219.535,,
ESTAT:NRG_INF_EPC$DEFAULTVIEW(1.0),08/04/26 23:00:00,Annual,Total,Net maximum electrical capacity,Autoproducers,Megawatt,Austria,2020,2265.338,,
ESTAT:NRG_INF_EPC$DEFAULTVIEW(1.0),08/04/26 23:00:00,Annual,Total,Net maximum electrical capacity,Autoproducers,Megawatt,Austria,2021,5280.369,,
ESTAT:NRG_INF_EPC$DEFAULTVIEW(1.0),08/04/26 23:00:00,Annual,Total,Net maximum electrical capacity,Autoproducers,Megawatt,Austria,2022,5892.663,,
ESTAT:NRG_INF_EPC$DEFAULTVIEW(1.0),08/04/26 23:00:00,Annual,Total,Net maximum electrical capacity,Autoproducers,Megawatt,Austria,2023,8961.965,,
ESTAT:NRG_INF_EPC$DEFAULTVIEW(1.0),08/04/26 23:00:00,Annual,Total,Net maximum electrical capacity,Autoproducers,Megawatt,Austria,2024,9189.333,,
ESTAT:NRG_INF_EPC$DEFAULTVIEW(1.0),08/04/26 23:00:00,Annual,Total,Net maximum electrical capacity,Autoproducers,Megawatt,Bosnia and Herzegovina,2015,0.000,,
ESTAT:NRG_INF_EPC$DEFAULTVIEW(1.0),08/04/26 23:00:00,Annual,Total,Net maximum electrical capacity,Autoproducers,Megawatt,Bosnia and Herzegovina,2016,0.000,,
ESTAT:NRG_INF_EPC$DEFAULTVIEW(1.0),08/04/26 23:00:00,Annual,Total,Net maximum electrical capacity,Autoproducers,Megawatt,Bosnia and Herzegovina,2017,69.000,,
ESTAT:NRG_INF_EPC$DEFAULTVIEW(1.0),08/04/26 23:00:00,Annual,Total,Net maximum electrical capacity,Autoproducers,Megawatt,Bosnia and Herzegovina,2018,69.990,,
ESTAT:NRG_INF_EPC$DEFAULTVIEW(1.0),08/04/26 23:00:00,Annual,Total,Net maximum electrical capacity,Autoproducers,Megawatt,Bosnia and Herzegovina,2019,71.070,,
ESTAT:NRG_INF_EPC$DEFAULTVIEW(1.0),08/04/26 23:00:00,Annual,Total,Net maximum electrical capacity,Autoproducers,Megawatt,Bosnia and Herzegovina,2020,69.990,,
ESTAT:NRG_INF_EPC$DEFAULTVIEW(1.0),08/04/26 23:00:00,Annual,Total,Net maximum electrical capacity,Autoproducers,Megawatt,Bosnia and Herzegovina,2021,78.090,,
ESTAT:NRG_INF_EPC$DEFAULTVIEW(1.0),08/04/26 23:00:00,Annual,Total,Net maximum electrical capacity,Autoproducers,Megawatt,Bosnia and Herzegovina,2022,78.090,,
ESTAT:NRG_INF_EPC$DEFAULTVIEW(1.0),08/04/26 23:00:00,Annual,Total,Net maximum electrical capacity,Autoproducers,Megawatt,Bosnia and Herzegovina,2023,78.090,,
ESTAT:NRG_INF_EPC$DEFAULTVIEW(1.0),08/04/26 23:00:00,Annual,Total,Net maximum electrical capacity,Autoproducers,Megawatt,Bosnia and Herzegovina,2024,78.090,,
ESTAT:NRG_INF_EPC$DEFAULTVIEW(1.0),08/04/26 23:00:00,Annual,Total,Net maximum electrical capacity,Autoproducers,Megawatt,Belgium,2015,4444.000,,
ESTAT:NRG_INF_EPC$DEFAULTVIEW(1.0),08/04/26 23:00:00,Annual,Total,Net maximum electrical capacity,Autoproducers,Megawatt,Belgium,2016,4542.500,,
ESTAT:NRG_INF_EPC$DEFAULTVIEW(1.0),08/04/26 23:00:00,Annual,Total,Net maximum electrical capacity,Autoproducers,Megawatt,Belgium,2017,4968.600,,
ESTAT:NRG_INF_EPC$DEFAULTVIEW(1.0),08/04/26 23:00:00,Annual,Total,Net maximum electrical capacity,Autoproducers,Megawatt,Belgium,2018,5410.600,,
ESTAT:NRG_INF_EPC$DEFAULTVIEW(1.0),08/04/26 23:00:00,Annual,Total,Net maximum electrical capacity,Autoproducers,Megawatt,Belgium,2019,6167.800,,
ESTAT:NRG_INF_EPC$DEFAULTVIEW(1.0),08/04/26 23:00:00,Annual,Total,Net maximum electrical capacity,Autoproducers,Megawatt,Belgium,2020,7163.900,,
ESTAT:NRG_INF_EPC$DEFAULTVIEW(1.0),08/04/26 23:00:00,Annual,Total,Net maximum electrical capacity,Autoproducers,Megawatt,Belgium,2021,7634.500,,
ESTAT:NRG_INF_EPC$DEFAULTVIEW(1.0),08/04/26 23:00:00,Annual,Total,Net maximum electrical capacity,Autoproducers,Megawatt,Belgium,2022,8618.800,,
ESTAT:NRG_INF_EPC$DEFAULTVIEW(1.0),08/04/26 23:00:00,Annual,Total,Net maximum electrical capacity,Autoproducers,Megawatt,Belgium,2023,10153.900,,
ESTAT:NRG_INF_EPC$DEFAULTVIEW(1.0),08/04/26 23:00:00,Annual,Total,Net maximum electrical capacity,Autoproducers,Megawatt,Belgium,2024,11442.600,,
ESTAT:NRG_INF_EPC$DEFAULTVIEW(1.0),08/04/26 23:00:00,Annual,Total,Net maximum electrical capacity,Autoproducers,Megawatt,Bulgaria,2015,137.000,,
ESTAT:NRG_INF_EPC$DEFAULTVIEW(1.0),08/04/26 23:00:00,Annual,Total,Net maximum electrical capacity,Autoproducers,Megawatt,Bulgaria,2016,187.000,,
ESTAT:NRG_INF_EPC$DEFAULTVIEW(1.0),08/04/26 23:00:00,Annual,Total,Net maximum electrical capacity,Autoproducers,Megawatt,Bulgaria,2017,234.396,,
ESTAT:NRG_INF_EPC$DEFAULTVIEW(1.0),08/04/26 23:00:00,Annual,Total,Net maximum electrical capacity,Autoproducers,Megawatt,Bulgaria,2018,234.417,,
ESTAT:NRG_INF_EPC$DEFAULTVIEW(1.0),08/04/26 23:00:00,Annual,Total,Net maximum electrical capacity,Autoproducers,Megawatt,Bulgaria,2019,160.770,,
ESTAT:NRG_INF_EPC$DEFAULTVIEW(1.0),08/04/26 23:00:00,Annual,Total,Net maximum electrical capacity,Autoproducers,Megawatt,Bulgaria,2020,155.458,,
ESTAT:NRG_INF_EPC$DEFAULTVIEW(1.0),08/04/26 23:00:00,Annual,Total,Net maximum electrical capacity,Autoproducers,Megawatt,Bulgaria,2021,171.050,,
ESTAT:NRG_INF_EPC$DEFAULTVIEW(1.0),08/04/26 23:00:00,Annual,Total,Net maximum electrical capacity,Autoproducers,Megawatt,Bulgaria,2022,423.999,,
ESTAT:NRG_INF_EPC$DEFAULTVIEW(1.0),08/04/26 23:00:00,Annual,Total,Net maximum electrical capacity,Autoproducers,Megawatt,Bulgaria,2023,500.130,,
ESTAT:NRG_INF_EPC$DEFAULTVIEW(1.0),08/04/26 23:00:00,Annual,Total,Net maximum electrical capacity,Autoproducers,Megawatt,Bulgaria,2024,575.270,,
ESTAT:NRG_INF_EPC$DEFAULTVIEW(1.0),08/04/26 23:00:00,Annual,Total,Net maximum electrical capacity,Autoproducers,Megawatt,Cyprus,2015,67.225,,
ESTAT:NRG_INF_EPC$DEFAULTVIEW(1.0),08/04/26 23:00:00,Annual,Total,Net maximum electrical capacity,Autoproducers,Megawatt,Cyprus,2016,67.225,,
ESTAT:NRG_INF_EPC$DEFAULTVIEW(1.0),08/04/26 23:00:00,Annual,Total,Net maximum electrical capacity,Autoproducers,Megawatt,Cyprus,2017,72.350,,
ESTAT:NRG_INF_EPC$DEFAULTVIEW(1.0),08/04/26 23:00:00,Annual,Total,Net maximum electrical capacity,Autoproducers,Megawatt,Cyprus,2018,77.537,,
ESTAT:NRG_INF_EPC$DEFAULTVIEW(1.0),08/04/26 23:00:00,Annual,Total,Net maximum electrical capacity,Autoproducers,Megawatt,Cyprus,2019,93.021,,
ESTAT:NRG_INF_EPC$DEFAULTVIEW(1.0),08/04/26 23:00:00,Annual,Total,Net maximum electrical capacity,Autoproducers,Megawatt,Cyprus,2020,121.999,,
ESTAT:NRG_INF_EPC$DEFAULTVIEW(1.0),08/04/26 23:00:00,Annual,Total,Net maximum electrical capacity,Autoproducers,Megawatt,Cyprus,2021,156.591,,
ESTAT:NRG_INF_EPC$DEFAULTVIEW(1.0),08/04/26 23:00:00,Annual,Total,Net maximum electrical capacity,Autoproducers,Megawatt,Cyprus,2022,209.639,,
ESTAT:NRG_INF_EPC$DEFAULTVIEW(1.0),08/04/26 23:00:00,Annual,Total,Net maximum electrical capacity,Autoproducers,Megawatt,Cyprus,2023,313.359,,
ESTAT:NRG_INF_EPC$DEFAULTVIEW(1.0),08/04/26 23:00:00,Annual,Total,Net maximum electrical capacity,Autoproducers,Megawatt,Cyprus,2024,427.499,,
ESTAT:NRG_INF_EPC$DEFAULTVIEW(1.0),08/04/26 23:00:00,Annual,Total,Net maximum electrical capacity,Autoproducers,Megawatt,Czechia,2015,1876.000,,
ESTAT:NRG_INF_EPC$DEFAULTVIEW(1.0),08/04/26 23:00:00,Annual,Total,Net maximum electrical capacity,Autoproducers,Megawatt,Czechia,2016,1893.000,,
ESTAT:NRG_INF_EPC$DEFAULTVIEW(1.0),08/04/26 23:00:00,Annual,Total,Net maximum electrical capacity,Autoproducers,Megawatt,Czechia,2017,1935.810,,
ESTAT:NRG_INF_EPC$DEFAULTVIEW(1.0),08/04/26 23:00:00,Annual,Total,Net maximum electrical capacity,Autoproducers,Megawatt,Czechia,2018,1928.195,,
ESTAT:NRG_INF_EPC$DEFAULTVIEW(1.0),08/04/26 23:00:00,Annual,Total,Net maximum electrical capacity,Autoproducers,Megawatt,Czechia,2019,1925.301,,
ESTAT:NRG_INF_EPC$DEFAULTVIEW(1.0),08/04/26 23:00:00,Annual,Total,Net maximum electrical capacity,Autoproducers,Megawatt,Czechia,2020,1820.564,,
ESTAT:NRG_INF_EPC$DEFAULTVIEW(1.0),08/04/26 23:00:00,Annual,Total,Net maximum electrical capacity,Autoproducers,Megawatt,Czechia,2021,1789.084,,
ESTAT:NRG_INF_EPC$DEFAULTVIEW(1.0),08/04/26 23:00:00,Annual,Total,Net maximum electrical capacity,Autoproducers,Megawatt,Czechia,2022,1783.064,,
ESTAT:NRG_INF_EPC$DEFAULTVIEW(1.0),08/04/26 23:00:00,Annual,Total,Net maximum electrical capacity,Autoproducers,Megawatt,Czechia,2023,3545.670,,
ESTAT:NRG_INF_EPC$DEFAULTVIEW(1.0),08/04/26 23:00:00,Annual,Total,Net maximum electrical capacity,Autoproducers,Megawatt,Czechia,2024,4219.384,,
ESTAT:NRG_INF_EPC$DEFAULTVIEW(1.0),08/04/26 23:00:00,Annual,Total,Net maximum electrical capacity,Autoproducers,Megawatt,Germany,2015,10718.000,,
ESTAT:NRG_INF_EPC$DEFAULTVIEW(1.0),08/04/26 23:00:00,Annual,Total,Net maximum electrical capacity,Autoproducers,Megawatt,Germany,2016,10588.000,,
ESTAT:NRG_INF_EPC$DEFAULTVIEW(1.0),08/04/26 23:00:00,Annual,Total,Net maximum electrical capacity,Autoproducers,Megawatt,Germany,2017,11579.000,,
ESTAT:NRG_INF_EPC$DEFAULTVIEW(1.0),08/04/26 23:00:00,Annual,Total,Net maximum electrical capacity,Autoproducers,Megawatt,Germany,2018,11988.000,,
ESTAT:NRG_INF_EPC$DEFAULTVIEW(1.0),08/04/26 23:00:00,Annual,Total,Net maximum electrical capacity,Autoproducers,Megawatt,Germany,2019,11169.000,,
ESTAT:NRG_INF_EPC$DEFAULTVIEW(1.0),08/04/26 23:00:00,Annual,Total,Net maximum electrical capacity,Autoproducers,Megawatt,Germany,2020,11151.000,,
ESTAT:NRG_INF_EPC$DEFAULTVIEW(1.0),08/04/26 23:00:00,Annual,Total,Net maximum electrical capacity,Autoproducers,Megawatt,Germany,2021,11242.000,,
ESTAT:NRG_INF_EPC$DEFAULTVIEW(1.0),08/04/26 23:00:00,Annual,Total,Net maximum electrical capacity,Autoproducers,Megawatt,Germany,2022,11879.000,,
ESTAT:NRG_INF_EPC$DEFAULTVIEW(1.0),08/04/26 23:00:00,Annual,Total,Net maximum electrical capacity,Autoproducers,Megawatt,Germany,2023,52752.000,,
ESTAT:NRG_INF_EPC$DEFAULTVIEW(1.0),08/04/26 23:00:00,Annual,Total,Net maximum electrical capacity,Autoproducers,Megawatt,Germany,2024,62725.000,,
ESTAT:NRG_INF_EPC$DEFAULTVIEW(1.0),08/04/26 23:00:00,Annual,Total,Net maximum electrical capacity,Autoproducers,Megawatt,Denmark,2015,1397.314,,
ESTAT:NRG_INF_EPC$DEFAULTVIEW(1.0),08/04/26 23:00:00,Annual,Total,Net maximum electrical capacity,Autoproducers,Megawatt,Denmark,2016,1469.889,,
ESTAT:NRG_INF_EPC$DEFAULTVIEW(1.0),08/04/26 23:00:00,Annual,Total,Net maximum electrical capacity,Autoproducers,Megawatt,Denmark,2017,1536.245,,
ESTAT:NRG_INF_EPC$DEFAULTVIEW(1.0),08/04/26 23:00:00,Annual,Total,Net maximum electrical capacity,Autoproducers,Megawatt,Denmark,2018,1638.558,,
ESTAT:NRG_INF_EPC$DEFAULTVIEW(1.0),08/04/26 23:00:00,Annual,Total,Net maximum electrical capacity,Autoproducers,Megawatt,Denmark,2019,1650.201,,
ESTAT:NRG_INF_EPC$DEFAULTVIEW(1.0),08/04/26 23:00:00,Annual,Total,Net maximum electrical capacity,Autoproducers,Megawatt,Denmark,2020,1867.148,,
ESTAT:NRG_INF_EPC$DEFAULTVIEW(1.0),08/04/26 23:00:00,Annual,Total,Net maximum electrical capacity,Autoproducers,Megawatt,Denmark,2021,2270.582,,
ESTAT:NRG_INF_EPC$DEFAULTVIEW(1.0),08/04/26 23:00:00,Annual,Total,Net maximum electrical capacity,Autoproducers,Megawatt,Denmark,2022,3615.566,,
ESTAT:NRG_INF_EPC$DEFAULTVIEW(1.0),08/04/26 23:00:00,Annual,Total,Net maximum electrical capacity,Autoproducers,Megawatt,Denmark,2023,4062.619,,
ESTAT:NRG_INF_EPC$DEFAULTVIEW(1.0),08/04/26 23:00:00,Annual,Total,Net maximum electrical capacity,Autoproducers,Megawatt,Denmark,2024,4478.379,,
ESTAT:NRG_INF_EPC$DEFAULTVIEW(1.0),08/04/26 23:00:00,Annual,Total,Net maximum electrical capacity,Autoproducers,Megawatt,Euro area – 20 countries (2023-2025),2015,50064.411,,
ESTAT:NRG_INF_EPC$DEFAULTVIEW(1.0),08/04/26 23:00:00,Annual,Total,Net maximum electrical capacity,Autoproducers,Megawatt,Euro area – 20 countries (2023-2025),2016,50778.060,,
ESTAT:NRG_INF_EPC$DEFAULTVIEW(1.0),08/04/26 23:00:00,Annual,Total,Net maximum electrical capacity,Autoproducers,Megawatt,Euro area – 20 countries (2023-2025),2017,53378.251,,
ESTAT:NRG_INF_EPC$DEFAULTVIEW(1.0),08/04/26 23:00:00,Annual,Total,Net maximum electrical capacity,Autoproducers,Megawatt,Euro area – 20 countries (2023-2025),2018,56592.710,,
ESTAT:NRG_INF_EPC$DEFAULTVIEW(1.0),08/04/26 23:00:00,Annual,Total,Net maximum electrical capacity,Autoproducers,Megawatt,Euro area – 20 countries (2023-2025),2019,60124.381,,
ESTAT:NRG_INF_EPC$DEFAULTVIEW(1.0),08/04/26 23:00:00,Annual,Total,Net maximum electrical capacity,Autoproducers,Megawatt,Euro area – 20 countries (2023-2025),2020,64850.409,,
ESTAT:NRG_INF_EPC$DEFAULTVIEW(1.0),08/04/26 23:00:00,Annual,Total,Net maximum electrical capacity,Autoproducers,Megawatt,Euro area – 20 countries (2023-2025),2021,87854.990,,
ESTAT:NRG_INF_EPC$DEFAULTVIEW(1.0),08/04/26 23:00:00,Annual,Total,Net maximum electrical capacity,Autoproducers,Megawatt,Euro area – 20 countries (2023-2025),2022,99581.832,,
ESTAT:NRG_INF_EPC$DEFAULTVIEW(1.0),08/04/26 23:00:00,Annual,Total,Net maximum electrical capacity,Autoproducers,Megawatt,Euro area – 20 countries (2023-2025),2023,158564.620,,
ESTAT:NRG_INF_EPC$DEFAULTVIEW(1.0),08/04/26 23:00:00,Annual,Total,Net maximum electrical capacity,Autoproducers,Megawatt,Euro area – 20 countries (2023-2025),2024,181521.892,,
ESTAT:NRG_INF_EPC$DEFAULTVIEW(1.0),08/04/26 23:00:00,Annual,Total,Net maximum electrical capacity,Autoproducers,Megawatt,Euro area – 21 countries (from 2026),2015,50201.411,,
ESTAT:NRG_INF_EPC$DEFAULTVIEW(1.0),08/04/26 23:00:00,Annual,Total,Net maximum electrical capacity,Autoproducers,Megawatt,Euro area – 21 countries (from 2026),2016,50965.060,,
ESTAT:NRG_INF_EPC$DEFAULTVIEW(1.0),08/04/26 23:00:00,Annual,Total,Net maximum electrical capacity,Autoproducers,Megawatt,Euro area – 21 countries (from 2026),2017,53612.647,,
ESTAT:NRG_INF_EPC$DEFAULTVIEW(1.0),08/04/26 23:00:00,Annual,Total,Net maximum electrical capacity,Autoproducers,Megawatt,Euro area – 21 countries (from 2026),2018,56827.127,,
ESTAT:NRG_INF_EPC$DEFAULTVIEW(1.0),08/04/26 23:00:00,Annual,Total,Net maximum electrical capacity,Autoproducers,Megawatt,Euro area – 21 countries (from 2026),2019,60285.151,,
ESTAT:NRG_INF_EPC$DEFAULTVIEW(1.0),08/04/26 23:00:00,Annual,Total,Net maximum electrical capacity,Autoproducers,Megawatt,Euro area – 21 countries (from 2026),2020,65005.867,,
ESTAT:NRG_INF_EPC$DEFAULTVIEW(1.0),08/04/26 23:00:00,Annual,Total,Net maximum electrical capacity,Autoproducers,Megawatt,Euro area – 21 countries (from 2026),2021,88026.040,,
ESTAT:NRG_INF_EPC$DEFAULTVIEW(1.0),08/04/26 23:00:00,Annual,Total,Net maximum electrical capacity,Autoproducers,Megawatt,Euro area – 21 countries (from 2026),2022,100005.831,,
ESTAT:NRG_INF_EPC$DEFAULTVIEW(1.0),08/04/26 23:00:00,Annual,Total,Net maximum electrical capacity,Autoproducers,Megawatt,Euro area – 21 countries (from 2026),2023,159064.750,,
ESTAT:NRG_INF_EPC$DEFAULTVIEW(1.0),08/04/26 23:00:00,Annual,Total,Net maximum electrical capacity,Autoproducers,Megawatt,Euro area – 21 countries (from 2026),2024,182108.162,,
ESTAT:NRG_INF_EPC$DEFAULTVIEW(1.0),08/04/26 23:00:00,Annual,Total,Net maximum electrical capacity,Autoproducers,Megawatt,Estonia,2015,31.000,,
ESTAT:NRG_INF_EPC$DEFAULTVIEW(1.0),08/04/26 23:00:00,Annual,Total,Net maximum electrical capacity,Autoproducers,Megawatt,Estonia,2016,31.000,,
ESTAT:NRG_INF_EPC$DEFAULTVIEW(1.0),08/04/26 23:00:00,Annual,Total,Net maximum electrical capacity,Autoproducers,Megawatt,Estonia,2017,26.800,,
ESTAT:NRG_INF_EPC$DEFAULTVIEW(1.0),08/04/26 23:00:00,Annual,Total,Net maximum electrical capacity,Autoproducers,Megawatt,Estonia,2018,26.000,,
ESTAT:NRG_INF_EPC$DEFAULTVIEW(1.0),08/04/26 23:00:00,Annual,Total,Net maximum electrical capacity,Autoproducers,Megawatt,Estonia,2019,24.000,,
ESTAT:NRG_INF_EPC$DEFAULTVIEW(1.0),08/04/26 23:00:00,Annual,Total,Net maximum electrical capacity,Autoproducers,Megawatt,Estonia,2020,24.000,,
ESTAT:NRG_INF_EPC$DEFAULTVIEW(1.0),08/04/26 23:00:00,Annual,Total,Net maximum electrical capacity,Autoproducers,Megawatt,Estonia,2021,24.000,,
ESTAT:NRG_INF_EPC$DEFAULTVIEW(1.0),08/04/26 23:00:00,Annual,Total,Net maximum electrical capacity,Autoproducers,Megawatt,Estonia,2022,33.000,,
ESTAT:NRG_INF_EPC$DEFAULTVIEW(1.0),08/04/26 23:00:00,Annual,Total,Net maximum electrical capacity,Autoproducers,Megawatt,Estonia,2023,31.000,,
ESTAT:NRG_INF_EPC$DEFAULTVIEW(1.0),08/04/26 23:00:00,Annual,Total,Net maximum electrical capacity,Autoproducers,Megawatt,Estonia,2024,611.934,,
ESTAT:NRG_INF_EPC$DEFAULTVIEW(1.0),08/04/26 23:00:00,Annual,Total,Net maximum electrical capacity,Autoproducers,Megawatt,Greece,2015,561.000,,
ESTAT:NRG_INF_EPC$DEFAULTVIEW(1.0),08/04/26 23:00:00,Annual,Total,Net maximum electrical capacity,Autoproducers,Megawatt,Greece,2016,568.000,,
ESTAT:NRG_INF_EPC$DEFAULTVIEW(1.0),08/04/26 23:00:00,Annual,Total,Net maximum electrical capacity,Autoproducers,Megawatt,Greece,2017,570.560,,
ESTAT:NRG_INF_EPC$DEFAULTVIEW(1.0),08/04/26 23:00:00,Annual,Total,Net maximum electrical capacity,Autoproducers,Megawatt,Greece,2018,574.000,,
ESTAT:NRG_INF_EPC$DEFAULTVIEW(1.0),08/04/26 23:00:00,Annual,Total,Net maximum electrical capacity,Autoproducers,Megawatt,Greece,2019,578.610,,
ESTAT:NRG_INF_EPC$DEFAULTVIEW(1.0),08/04/26 23:00:00,Annual,Total,Net maximum electrical capacity,Autoproducers,Megawatt,Greece,2020,587.147,,
ESTAT:NRG_INF_EPC$DEFAULTVIEW(1.0),08/04/26 23:00:00,Annual,Total,Net maximum electrical capacity,Autoproducers,Megawatt,Greece,2021,596.248,,
ESTAT:NRG_INF_EPC$DEFAULTVIEW(1.0),08/04/26 23:00:00,Annual,Total,Net maximum electrical capacity,Autoproducers,Megawatt,Greece,2022,615.004,,
ESTAT:NRG_INF_EPC$DEFAULTVIEW(1.0),08/04/26 23:00:00,Annual,Total,Net maximum electrical capacity,Autoproducers,Megawatt,Greece,2023,633.703,,
ESTAT:NRG_INF_EPC$DEFAULTVIEW(1.0),08/04/26 23:00:00,Annual,Total,Net maximum electrical capacity,Autoproducers,Megawatt,Greece,2024,633.703,,
ESTAT:NRG_INF_EPC$DEFAULTVIEW(1.0),08/04/26 23:00:00,Annual,Total,Net maximum electrical capacity,Autoproducers,Megawatt,Spain,2015,6563.690,,
ESTAT:NRG_INF_EPC$DEFAULTVIEW(1.0),08/04/26 23:00:00,Annual,Total,Net maximum electrical capacity,Autoproducers,Megawatt,Spain,2016,6589.930,,
ESTAT:NRG_INF_EPC$DEFAULTVIEW(1.0),08/04/26 23:00:00,Annual,Total,Net maximum electrical capacity,Autoproducers,Megawatt,Spain,2017,6608.199,,
ESTAT:NRG_INF_EPC$DEFAULTVIEW(1.0),08/04/26 23:00:00,Annual,Total,Net maximum electrical capacity,Autoproducers,Megawatt,Spain,2018,6570.906,,
ESTAT:NRG_INF_EPC$DEFAULTVIEW(1.0),08/04/26 23:00:00,Annual,Total,Net maximum electrical capacity,Autoproducers,Megawatt,Spain,2019,6483.239,,
ESTAT:NRG_INF_EPC$DEFAULTVIEW(1.0),08/04/26 23:00:00,Annual,Total,Net maximum electrical capacity,Autoproducers,Megawatt,Spain,2020,6575.458,,
ESTAT:NRG_INF_EPC$DEFAULTVIEW(1.0),08/04/26 23:00:00,Annual,Total,Net maximum electrical capacity,Autoproducers,Megawatt,Spain,2021,7123.052,,
ESTAT:NRG_INF_EPC$DEFAULTVIEW(1.0),08/04/26 23:00:00,Annual,Total,Net maximum electrical capacity,Autoproducers,Megawatt,Spain,2022,9857.016,,
ESTAT:NRG_INF_EPC$DEFAULTVIEW(1.0),08/04/26 23:00:00,Annual,Total,Net maximum electrical capacity,Autoproducers,Megawatt,Spain,2023,12283.415,,
ESTAT:NRG_INF_EPC$DEFAULTVIEW(1.0),08/04/26 23:00:00,Annual,Total,Net maximum electrical capacity,Autoproducers,Megawatt,Spain,2024,14235.367,,
ESTAT:NRG_INF_EPC$DEFAULTVIEW(1.0),08/04/26 23:00:00,Annual,Total,Net maximum electrical capacity,Autoproducers,Megawatt,European Union - 27 countries (from 2020),2015,59323.230,,
ESTAT:NRG_INF_EPC$DEFAULTVIEW(1.0),08/04/26 23:00:00,Annual,Total,Net maximum electrical capacity,Autoproducers,Megawatt,European Union - 27 countries (from 2020),2016,60039.385,,
ESTAT:NRG_INF_EPC$DEFAULTVIEW(1.0),08/04/26 23:00:00,Annual,Total,Net maximum electrical capacity,Autoproducers,Megawatt,European Union - 27 countries (from 2020),2017,64740.967,,
ESTAT:NRG_INF_EPC$DEFAULTVIEW(1.0),08/04/26 23:00:00,Annual,Total,Net maximum electrical capacity,Autoproducers,Megawatt,European Union - 27 countries (from 2020),2018,69194.852,,
ESTAT:NRG_INF_EPC$DEFAULTVIEW(1.0),08/04/26 23:00:00,Annual,Total,Net maximum electrical capacity,Autoproducers,Megawatt,European Union - 27 countries (from 2020),2019,73126.365,,
ESTAT:NRG_INF_EPC$DEFAULTVIEW(1.0),08/04/26 23:00:00,Annual,Total,Net maximum electrical capacity,Autoproducers,Megawatt,European Union - 27 countries (from 2020),2020,80684.662,,
ESTAT:NRG_INF_EPC$DEFAULTVIEW(1.0),08/04/26 23:00:00,Annual,Total,Net maximum electrical capacity,Autoproducers,Megawatt,European Union - 27 countries (from 2020),2021,107886.425,,
ESTAT:NRG_INF_EPC$DEFAULTVIEW(1.0),08/04/26 23:00:00,Annual,Total,Net maximum electrical capacity,Autoproducers,Megawatt,European Union - 27 countries (from 2020),2022,127593.704,,
ESTAT:NRG_INF_EPC$DEFAULTVIEW(1.0),08/04/26 23:00:00,Annual,Total,Net maximum electrical capacity,Autoproducers,Megawatt,European Union - 27 countries (from 2020),2023,194506.616,,
ESTAT:NRG_INF_EPC$DEFAULTVIEW(1.0),08/04/26 23:00:00,Annual,Total,Net maximum electrical capacity,Autoproducers,Megawatt,European Union - 27 countries (from 2020),2024,225988.968,,
ESTAT:NRG_INF_EPC$DEFAULTVIEW(1.0),08/04/26 23:00:00,Annual,Total,Net maximum electrical capacity,Autoproducers,Megawatt,Finland,2015,2052.000,,
ESTAT:NRG_INF_EPC$DEFAULTVIEW(1.0),08/04/26 23:00:00,Annual,Total,Net maximum electrical capacity,Autoproducers,Megawatt,Finland,2016,2068.000,,
ESTAT:NRG_INF_EPC$DEFAULTVIEW(1.0),08/04/26 23:00:00,Annual,Total,Net maximum electrical capacity,Autoproducers,Megawatt,Finland,2017,2306.000,,
ESTAT:NRG_INF_EPC$DEFAULTVIEW(1.0),08/04/26 23:00:00,Annual,Total,Net maximum electrical capacity,Autoproducers,Megawatt,Finland,2018,2364.000,,
ESTAT:NRG_INF_EPC$DEFAULTVIEW(1.0),08/04/26 23:00:00,Annual,Total,Net maximum electrical capacity,Autoproducers,Megawatt,Finland,2019,2458.000,,
ESTAT:NRG_INF_EPC$DEFAULTVIEW(1.0),08/04/26 23:00:00,Annual,Total,Net maximum electrical capacity,Autoproducers,Megawatt,Finland,2020,2522.000,,
ESTAT:NRG_INF_EPC$DEFAULTVIEW(1.0),08/04/26 23:00:00,Annual,Total,Net maximum electrical capacity,Autoproducers,Megawatt,Finland,2021,2540.000,,
ESTAT:NRG_INF_EPC$DEFAULTVIEW(1.0),08/04/26 23:00:00,Annual,Total,Net maximum electrical capacity,Autoproducers,Megawatt,Finland,2022,3235.000,,
ESTAT:NRG_INF_EPC$DEFAULTVIEW(1.0),08/04/26 23:00:00,Annual,Total,Net maximum electrical capacity,Autoproducers,Megawatt,Finland,2023,3582.000,,
ESTAT:NRG_INF_EPC$DEFAULTVIEW(1.0),08/04/26 23:00:00,Annual,Total,Net maximum electrical capacity,Autoproducers,Megawatt,Finland,2024,3884.000,,
ESTAT:NRG_INF_EPC$DEFAULTVIEW(1.0),08/04/26 23:00:00,Annual,Total,Net maximum electrical capacity,Autoproducers,Megawatt,France,2015,6234.285,,
ESTAT:NRG_INF_EPC$DEFAULTVIEW(1.0),08/04/26 23:00:00,Annual,Total,Net maximum electrical capacity,Autoproducers,Megawatt,France,2016,6484.826,,
ESTAT:NRG_INF_EPC$DEFAULTVIEW(1.0),08/04/26 23:00:00,Annual,Total,Net maximum electrical capacity,Autoproducers,Megawatt,France,2017,6409.979,,
ESTAT:NRG_INF_EPC$DEFAULTVIEW(1.0),08/04/26 23:00:00,Annual,Total,Net maximum electrical capacity,Autoproducers,Megawatt,France,2018,6710.733,,
ESTAT:NRG_INF_EPC$DEFAULTVIEW(1.0),08/04/26 23:00:00,Annual,Total,Net maximum electrical capacity,Autoproducers,Megawatt,France,2019,7203.963,,
ESTAT:NRG_INF_EPC$DEFAULTVIEW(1.0),08/04/26 23:00:00,Annual,Total,Net maximum electrical capacity,Autoproducers,Megawatt,France,2020,7275.680,,
ESTAT:NRG_INF_EPC$DEFAULTVIEW(1.0),08/04/26 23:00:00,Annual,Total,Net maximum electrical capacity,Autoproducers,Megawatt,France,2021,7801.396,,
ESTAT:NRG_INF_EPC$DEFAULTVIEW(1.0),08/04/26 23:00:00,Annual,Total,Net maximum electrical capacity,Autoproducers,Megawatt,France,2022,8802.881,,
ESTAT:NRG_INF_EPC$DEFAULTVIEW(1.0),08/04/26 23:00:00,Annual,Total,Net maximum electrical capacity,Autoproducers,Megawatt,France,2023,10407.665,,
ESTAT:NRG_INF_EPC$DEFAULTVIEW(1.0),08/04/26 23:00:00,Annual,Total,Net maximum electrical capacity,Autoproducers,Megawatt,France,2024,11754.525,,
ESTAT:NRG_INF_EPC$DEFAULTVIEW(1.0),08/04/26 23:00:00,Annual,Total,Net maximum electrical capacity,Autoproducers,Megawatt,Georgia,2022,0.000,,
ESTAT:NRG_INF_EPC$DEFAULTVIEW(1.0),08/04/26 23:00:00,Annual,Total,Net maximum electrical capacity,Autoproducers,Megawatt,Georgia,2023,0.000,,
ESTAT:NRG_INF_EPC$DEFAULTVIEW(1.0),08/04/26 23:00:00,Annual,Total,Net maximum electrical capacity,Autoproducers,Megawatt,Georgia,2024,0.000,,
ESTAT:NRG_INF_EPC$DEFAULTVIEW(1.0),08/04/26 23:00:00,Annual,Total,Net maximum electrical capacity,Autoproducers,Megawatt,Croatia,2015,158.700,,
ESTAT:NRG_INF_EPC$DEFAULTVIEW(1.0),08/04/26 23:00:00,Annual,Total,Net maximum electrical capacity,Autoproducers,Megawatt,Croatia,2016,158.700,,
ESTAT:NRG_INF_EPC$DEFAULTVIEW(1.0),08/04/26 23:00:00,Annual,Total,Net maximum electrical capacity,Autoproducers,Megawatt,Croatia,2017,159.600,,
ESTAT:NRG_INF_EPC$DEFAULTVIEW(1.0),08/04/26 23:00:00,Annual,Total,Net maximum electrical capacity,Autoproducers,Megawatt,Croatia,2018,164.700,,
ESTAT:NRG_INF_EPC$DEFAULTVIEW(1.0),08/04/26 23:00:00,Annual,Total,Net maximum electrical capacity,Autoproducers,Megawatt,Croatia,2019,164.700,,
ESTAT:NRG_INF_EPC$DEFAULTVIEW(1.0),08/04/26 23:00:00,Annual,Total,Net maximum electrical capacity,Autoproducers,Megawatt,Croatia,2020,164.300,,
ESTAT:NRG_INF_EPC$DEFAULTVIEW(1.0),08/04/26 23:00:00,Annual,Total,Net maximum electrical capacity,Autoproducers,Megawatt,Croatia,2021,139.800,,
ESTAT:NRG_INF_EPC$DEFAULTVIEW(1.0),08/04/26 23:00:00,Annual,Total,Net maximum electrical capacity,Autoproducers,Megawatt,Croatia,2022,139.800,,
ESTAT:NRG_INF_EPC$DEFAULTVIEW(1.0),08/04/26 23:00:00,Annual,Total,Net maximum electrical capacity,Autoproducers,Megawatt,Croatia,2023,136.300,,
ESTAT:NRG_INF_EPC$DEFAULTVIEW(1.0),08/04/26 23:00:00,Annual,Total,Net maximum electrical capacity,Autoproducers,Megawatt,Croatia,2024,136.300,,
ESTAT:NRG_INF_EPC$DEFAULTVIEW(1.0),08/04/26 23:00:00,Annual,Total,Net maximum electrical capacity,Autoproducers,Megawatt,Hungary,2015,376.000,,
ESTAT:NRG_INF_EPC$DEFAULTVIEW(1.0),08/04/26 23:00:00,Annual,Total,Net maximum electrical capacity,Autoproducers,Megawatt,Hungary,2016,468.000,,
ESTAT:NRG_INF_EPC$DEFAULTVIEW(1.0),08/04/26 23:00:00,Annual,Total,Net maximum electrical capacity,Autoproducers,Megawatt,Hungary,2017,592.000,,
ESTAT:NRG_INF_EPC$DEFAULTVIEW(1.0),08/04/26 23:00:00,Annual,Total,Net maximum electrical capacity,Autoproducers,Megawatt,Hungary,2018,735.000,,
ESTAT:NRG_INF_EPC$DEFAULTVIEW(1.0),08/04/26 23:00:00,Annual,Total,Net maximum electrical capacity,Autoproducers,Megawatt,Hungary,2019,1025.000,,
ESTAT:NRG_INF_EPC$DEFAULTVIEW(1.0),08/04/26 23:00:00,Annual,Total,Net maximum electrical capacity,Autoproducers,Megawatt,Hungary,2020,1316.000,,
ESTAT:NRG_INF_EPC$DEFAULTVIEW(1.0),08/04/26 23:00:00,Annual,Total,Net maximum electrical capacity,Autoproducers,Megawatt,Hungary,2021,1736.000,,
ESTAT:NRG_INF_EPC$DEFAULTVIEW(1.0),08/04/26 23:00:00,Annual,Total,Net maximum electrical capacity,Autoproducers,Megawatt,Hungary,2022,2454.000,,
ESTAT:NRG_INF_EPC$DEFAULTVIEW(1.0),08/04/26 23:00:00,Annual,Total,Net maximum electrical capacity,Autoproducers,Megawatt,Hungary,2023,3498.000,,
ESTAT:NRG_INF_EPC$DEFAULTVIEW(1.0),08/04/26 23:00:00,Annual,Total,Net maximum electrical capacity,Autoproducers,Megawatt,Hungary,2024,3998.000,,
ESTAT:NRG_INF_EPC$DEFAULTVIEW(1.0),08/04/26 23:00:00,Annual,Total,Net maximum electrical capacity,Autoproducers,Megawatt,Ireland,2015,362.622,,
ESTAT:NRG_INF_EPC$DEFAULTVIEW(1.0),08/04/26 23:00:00,Annual,Total,Net maximum electrical capacity,Autoproducers,Megawatt,Ireland,2016,368.098,,
ESTAT:NRG_INF_EPC$DEFAULTVIEW(1.0),08/04/26 23:00:00,Annual,Total,Net maximum electrical capacity,Autoproducers,Megawatt,Ireland,2017,384.139,,
ESTAT:NRG_INF_EPC$DEFAULTVIEW(1.0),08/04/26 23:00:00,Annual,Total,Net maximum electrical capacity,Autoproducers,Megawatt,Ireland,2018,405.459,,
ESTAT:NRG_INF_EPC$DEFAULTVIEW(1.0),08/04/26 23:00:00,Annual,Total,Net maximum electrical capacity,Autoproducers,Megawatt,Ireland,2019,439.252,,
ESTAT:NRG_INF_EPC$DEFAULTVIEW(1.0),08/04/26 23:00:00,Annual,Total,Net maximum electrical capacity,Autoproducers,Megawatt,Ireland,2020,473.490,,
ESTAT:NRG_INF_EPC$DEFAULTVIEW(1.0),08/04/26 23:00:00,Annual,Total,Net maximum electrical capacity,Autoproducers,Megawatt,Ireland,2021,524.710,,
ESTAT:NRG_INF_EPC$DEFAULTVIEW(1.0),08/04/26 23:00:00,Annual,Total,Net maximum electrical capacity,Autoproducers,Megawatt,Ireland,2022,594.658,,
ESTAT:NRG_INF_EPC$DEFAULTVIEW(1.0),08/04/26 23:00:00,Annual,Total,Net maximum electrical capacity,Autoproducers,Megawatt,Ireland,2023,738.561,,
ESTAT:NRG_INF_EPC$DEFAULTVIEW(1.0),08/04/26 23:00:00,Annual,Total,Net maximum electrical capacity,Autoproducers,Megawatt,Ireland,2024,975.392,,
ESTAT:NRG_INF_EPC$DEFAULTVIEW(1.0),08/04/26 23:00:00,Annual,Total,Net maximum electrical capacity,Autoproducers,Megawatt,Iceland,2022,0.000,,
ESTAT:NRG_INF_EPC$DEFAULTVIEW(1.0),08/04/26 23:00:00,Annual,Total,Net maximum electrical capacity,Autoproducers,Megawatt,Iceland,2023,0.000,,
ESTAT:NRG_INF_EPC$DEFAULTVIEW(1.0),08/04/26 23:00:00,Annual,Total,Net maximum electrical capacity,Autoproducers,Megawatt,Iceland,2024,0.000,,
ESTAT:NRG_INF_EPC$DEFAULTVIEW(1.0),08/04/26 23:00:00,Annual,Total,Net maximum electrical capacity,Autoproducers,Megawatt,Italy,2015,5258.000,,
ESTAT:NRG_INF_EPC$DEFAULTVIEW(1.0),08/04/26 23:00:00,Annual,Total,Net maximum electrical capacity,Autoproducers,Megawatt,Italy,2016,4834.000,,
ESTAT:NRG_INF_EPC$DEFAULTVIEW(1.0),08/04/26 23:00:00,Annual,Total,Net maximum electrical capacity,Autoproducers,Megawatt,Italy,2017,5033.866,,
ESTAT:NRG_INF_EPC$DEFAULTVIEW(1.0),08/04/26 23:00:00,Annual,Total,Net maximum electrical capacity,Autoproducers,Megawatt,Italy,2018,5521.534,,
ESTAT:NRG_INF_EPC$DEFAULTVIEW(1.0),08/04/26 23:00:00,Annual,Total,Net maximum electrical capacity,Autoproducers,Megawatt,Italy,2019,5431.689,,
ESTAT:NRG_INF_EPC$DEFAULTVIEW(1.0),08/04/26 23:00:00,Annual,Total,Net maximum electrical capacity,Autoproducers,Megawatt,Italy,2020,5165.557,,
ESTAT:NRG_INF_EPC$DEFAULTVIEW(1.0),08/04/26 23:00:00,Annual,Total,Net maximum electrical capacity,Autoproducers,Megawatt,Italy,2021,20279.551,,
ESTAT:NRG_INF_EPC$DEFAULTVIEW(1.0),08/04/26 23:00:00,Annual,Total,Net maximum electrical capacity,Autoproducers,Megawatt,Italy,2022,22362.472,,
ESTAT:NRG_INF_EPC$DEFAULTVIEW(1.0),08/04/26 23:00:00,Annual,Total,Net maximum electrical capacity,Autoproducers,Megawatt,Italy,2023,25961.890,,
ESTAT:NRG_INF_EPC$DEFAULTVIEW(1.0),08/04/26 23:00:00,Annual,Total,Net maximum electrical capacity,Autoproducers,Megawatt,Italy,2024,29570.378,,
ESTAT:NRG_INF_EPC$DEFAULTVIEW(1.0),08/04/26 23:00:00,Annual,Total,Net maximum electrical capacity,Autoproducers,Megawatt,Liechtenstein,2015,0.000,,
ESTAT:NRG_INF_EPC$DEFAULTVIEW(1.0),08/04/26 23:00:00,Annual,Total,Net maximum electrical capacity,Autoproducers,Megawatt,Liechtenstein,2016,0.000,,
ESTAT:NRG_INF_EPC$DEFAULTVIEW(1.0),08/04/26 23:00:00,Annual,Total,Net maximum electrical capacity,Autoproducers,Megawatt,Liechtenstein,2017,0.000,,
ESTAT:NRG_INF_EPC$DEFAULTVIEW(1.0),08/04/26 23:00:00,Annual,Total,Net maximum electrical capacity,Autoproducers,Megawatt,Liechtenstein,2018,0.000,,
ESTAT:NRG_INF_EPC$DEFAULTVIEW(1.0),08/04/26 23:00:00,Annual,Total,Net maximum electrical capacity,Autoproducers,Megawatt,Liechtenstein,2019,0.000,,
ESTAT:NRG_INF_EPC$DEFAULTVIEW(1.0),08/04/26 23:00:00,Annual,Total,Net maximum electrical capacity,Autoproducers,Megawatt,Liechtenstein,2020,0.000,,
ESTAT:NRG_INF_EPC$DEFAULTVIEW(1.0),08/04/26 23:00:00,Annual,Total,Net maximum electrical capacity,Autoproducers,Megawatt,Liechtenstein,2021,0.000,,
ESTAT:NRG_INF_EPC$DEFAULTVIEW(1.0),08/04/26 23:00:00,Annual,Total,Net maximum electrical capacity,Autoproducers,Megawatt,Liechtenstein,2022,0.000,,
ESTAT:NRG_INF_EPC$DEFAULTVIEW(1.0),08/04/26 23:00:00,Annual,Total,Net maximum electrical capacity,Autoproducers,Megawatt,Liechtenstein,2023,0.000,,
ESTAT:NRG_INF_EPC$DEFAULTVIEW(1.0),08/04/26 23:00:00,Annual,Total,Net maximum electrical capacity,Autoproducers,Megawatt,Liechtenstein,2024,0.000,,
ESTAT:NRG_INF_EPC$DEFAULTVIEW(1.0),08/04/26 23:00:00,Annual,Total,Net maximum electrical capacity,Autoproducers,Megawatt,Lithuania,2015,274.000,,
ESTAT:NRG_INF_EPC$DEFAULTVIEW(1.0),08/04/26 23:00:00,Annual,Total,Net maximum electrical capacity,Autoproducers,Megawatt,Lithuania,2016,278.000,,
ESTAT:NRG_INF_EPC$DEFAULTVIEW(1.0),08/04/26 23:00:00,Annual,Total,Net maximum electrical capacity,Autoproducers,Megawatt,Lithuania,2017,280.000,,
ESTAT:NRG_INF_EPC$DEFAULTVIEW(1.0),08/04/26 23:00:00,Annual,Total,Net maximum electrical capacity,Autoproducers,Megawatt,Lithuania,2018,280.000,,
ESTAT:NRG_INF_EPC$DEFAULTVIEW(1.0),08/04/26 23:00:00,Annual,Total,Net maximum electrical capacity,Autoproducers,Megawatt,Lithuania,2019,282.000,,
ESTAT:NRG_INF_EPC$DEFAULTVIEW(1.0),08/04/26 23:00:00,Annual,Total,Net maximum electrical capacity,Autoproducers,Megawatt,Lithuania,2020,282.000,,
ESTAT:NRG_INF_EPC$DEFAULTVIEW(1.0),08/04/26 23:00:00,Annual,Total,Net maximum electrical capacity,Autoproducers,Megawatt,Lithuania,2021,281.000,,
ESTAT:NRG_INF_EPC$DEFAULTVIEW(1.0),08/04/26 23:00:00,Annual,Total,Net maximum electrical capacity,Autoproducers,Megawatt,Lithuania,2022,281.000,,
ESTAT:NRG_INF_EPC$DEFAULTVIEW(1.0),08/04/26 23:00:00,Annual,Total,Net maximum electrical capacity,Autoproducers,Megawatt,Lithuania,2023,281.000,,
ESTAT:NRG_INF_EPC$DEFAULTVIEW(1.0),08/04/26 23:00:00,Annual,Total,Net maximum electrical capacity,Autoproducers,Megawatt,Lithuania,2024,281.000,,
ESTAT:NRG_INF_EPC$DEFAULTVIEW(1.0),08/04/26 23:00:00,Annual,Total,Net maximum electrical capacity,Autoproducers,Megawatt,Luxembourg,2015,180.194,,
ESTAT:NRG_INF_EPC$DEFAULTVIEW(1.0),08/04/26 23:00:00,Annual,Total,Net maximum electrical capacity,Autoproducers,Megawatt,Luxembourg,2016,200.460,,
ESTAT:NRG_INF_EPC$DEFAULTVIEW(1.0),08/04/26 23:00:00,Annual,Total,Net maximum electrical capacity,Autoproducers,Megawatt,Luxembourg,2017,185.356,,
ESTAT:NRG_INF_EPC$DEFAULTVIEW(1.0),08/04/26 23:00:00,Annual,Total,Net maximum electrical capacity,Autoproducers,Megawatt,Luxembourg,2018,184.680,,
ESTAT:NRG_INF_EPC$DEFAULTVIEW(1.0),08/04/26 23:00:00,Annual,Total,Net maximum electrical capacity,Autoproducers,Megawatt,Luxembourg,2019,215.002,,
ESTAT:NRG_INF_EPC$DEFAULTVIEW(1.0),08/04/26 23:00:00,Annual,Total,Net maximum electrical capacity,Autoproducers,Megawatt,Luxembourg,2020,232.121,,
ESTAT:NRG_INF_EPC$DEFAULTVIEW(1.0),08/04/26 23:00:00,Annual,Total,Net maximum electrical capacity,Autoproducers,Megawatt,Luxembourg,2021,323.445,,
ESTAT:NRG_INF_EPC$DEFAULTVIEW(1.0),08/04/26 23:00:00,Annual,Total,Net maximum electrical capacity,Autoproducers,Megawatt,Luxembourg,2022,376.325,,
ESTAT:NRG_INF_EPC$DEFAULTVIEW(1.0),08/04/26 23:00:00,Annual,Total,Net maximum electrical capacity,Autoproducers,Megawatt,Luxembourg,2023,469.164,,
ESTAT:NRG_INF_EPC$DEFAULTVIEW(1.0),08/04/26 23:00:00,Annual,Total,Net maximum electrical capacity,Autoproducers,Megawatt,Luxembourg,2024,620.626,,
ESTAT:NRG_INF_EPC$DEFAULTVIEW(1.0),08/04/26 23:00:00,Annual,Total,Net maximum electrical capacity,Autoproducers,Megawatt,Latvia,2015,42.201,,
ESTAT:NRG_INF_EPC$DEFAULTVIEW(1.0),08/04/26 23:00:00,Annual,Total,Net maximum electrical capacity,Autoproducers,Megawatt,Latvia,2016,43.581,,
ESTAT:NRG_INF_EPC$DEFAULTVIEW(1.0),08/04/26 23:00:00,Annual,Total,Net maximum electrical capacity,Autoproducers,Megawatt,Latvia,2017,33.395,,
ESTAT:NRG_INF_EPC$DEFAULTVIEW(1.0),08/04/26 23:00:00,Annual,Total,Net maximum electrical capacity,Autoproducers,Megawatt,Latvia,2018,34.279,,
ESTAT:NRG_INF_EPC$DEFAULTVIEW(1.0),08/04/26 23:00:00,Annual,Total,Net maximum electrical capacity,Autoproducers,Megawatt,Latvia,2019,34.077,,
ESTAT:NRG_INF_EPC$DEFAULTVIEW(1.0),08/04/26 23:00:00,Annual,Total,Net maximum electrical capacity,Autoproducers,Megawatt,Latvia,2020,38.502,,
ESTAT:NRG_INF_EPC$DEFAULTVIEW(1.0),08/04/26 23:00:00,Annual,Total,Net maximum electrical capacity,Autoproducers,Megawatt,Latvia,2021,37.660,,
ESTAT:NRG_INF_EPC$DEFAULTVIEW(1.0),08/04/26 23:00:00,Annual,Total,Net maximum electrical capacity,Autoproducers,Megawatt,Latvia,2022,133.994,,
ESTAT:NRG_INF_EPC$DEFAULTVIEW(1.0),08/04/26 23:00:00,Annual,Total,Net maximum electrical capacity,Autoproducers,Megawatt,Latvia,2023,295.270,,
ESTAT:NRG_INF_EPC$DEFAULTVIEW(1.0),08/04/26 23:00:00,Annual,Total,Net maximum electrical capacity,Autoproducers,Megawatt,Latvia,2024,401.928,,
ESTAT:NRG_INF_EPC$DEFAULTVIEW(1.0),08/04/26 23:00:00,Annual,Total,Net maximum electrical capacity,Autoproducers,Megawatt,Moldova,2022,211.200,,
ESTAT:NRG_INF_EPC$DEFAULTVIEW(1.0),08/04/26 23:00:00,Annual,Total,Net maximum electrical capacity,Autoproducers,Megawatt,Moldova,2023,321.700,,
ESTAT:NRG_INF_EPC$DEFAULTVIEW(1.0),08/04/26 23:00:00,Annual,Total,Net maximum electrical capacity,Autoproducers,Megawatt,Moldova,2024,459.600,,
ESTAT:NRG_INF_EPC$DEFAULTVIEW(1.0),08/04/26 23:00:00,Annual,Total,Net maximum electrical capacity,Autoproducers,Megawatt,Montenegro,2015,0.000,,
ESTAT:NRG_INF_EPC$DEFAULTVIEW(1.0),08/04/26 23:00:00,Annual,Total,Net maximum electrical capacity,Autoproducers,Megawatt,Montenegro,2016,0.000,,
ESTAT:NRG_INF_EPC$DEFAULTVIEW(1.0),08/04/26 23:00:00,Annual,Total,Net maximum electrical capacity,Autoproducers,Megawatt,Montenegro,2017,0.000,,
ESTAT:NRG_INF_EPC$DEFAULTVIEW(1.0),08/04/26 23:00:00,Annual,Total,Net maximum electrical capacity,Autoproducers,Megawatt,Montenegro,2018,0.000,,
ESTAT:NRG_INF_EPC$DEFAULTVIEW(1.0),08/04/26 23:00:00,Annual,Total,Net maximum electrical capacity,Autoproducers,Megawatt,Montenegro,2019,0.000,,
ESTAT:NRG_INF_EPC$DEFAULTVIEW(1.0),08/04/26 23:00:00,Annual,Total,Net maximum electrical capacity,Autoproducers,Megawatt,Montenegro,2020,0.000,,
ESTAT:NRG_INF_EPC$DEFAULTVIEW(1.0),08/04/26 23:00:00,Annual,Total,Net maximum electrical capacity,Autoproducers,Megawatt,Montenegro,2021,0.000,,
ESTAT:NRG_INF_EPC$DEFAULTVIEW(1.0),08/04/26 23:00:00,Annual,Total,Net maximum electrical capacity,Autoproducers,Megawatt,Montenegro,2022,0.000,,
ESTAT:NRG_INF_EPC$DEFAULTVIEW(1.0),08/04/26 23:00:00,Annual,Total,Net maximum electrical capacity,Autoproducers,Megawatt,Montenegro,2023,0.000,,
ESTAT:NRG_INF_EPC$DEFAULTVIEW(1.0),08/04/26 23:00:00,Annual,Total,Net maximum electrical capacity,Autoproducers,Megawatt,Montenegro,2024,0.000,,
ESTAT:NRG_INF_EPC$DEFAULTVIEW(1.0),08/04/26 23:00:00,Annual,Total,Net maximum electrical capacity,Autoproducers,Megawatt,North Macedonia,2015,0.000,,
ESTAT:NRG_INF_EPC$DEFAULTVIEW(1.0),08/04/26 23:00:00,Annual,Total,Net maximum electrical capacity,Autoproducers,Megawatt,North Macedonia,2016,0.000,,
ESTAT:NRG_INF_EPC$DEFAULTVIEW(1.0),08/04/26 23:00:00,Annual,Total,Net maximum electrical capacity,Autoproducers,Megawatt,North Macedonia,2017,0.000,,
ESTAT:NRG_INF_EPC$DEFAULTVIEW(1.0),08/04/26 23:00:00,Annual,Total,Net maximum electrical capacity,Autoproducers,Megawatt,North Macedonia,2018,0.000,,
ESTAT:NRG_INF_EPC$DEFAULTVIEW(1.0),08/04/26 23:00:00,Annual,Total,Net maximum electrical capacity,Autoproducers,Megawatt,North Macedonia,2019,0.000,,
ESTAT:NRG_INF_EPC$DEFAULTVIEW(1.0),08/04/26 23:00:00,Annual,Total,Net maximum electrical capacity,Autoproducers,Megawatt,North Macedonia,2020,0.000,,
ESTAT:NRG_INF_EPC$DEFAULTVIEW(1.0),08/04/26 23:00:00,Annual,Total,Net maximum electrical capacity,Autoproducers,Megawatt,North Macedonia,2021,0.000,,
ESTAT:NRG_INF_EPC$DEFAULTVIEW(1.0),08/04/26 23:00:00,Annual,Total,Net maximum electrical capacity,Autoproducers,Megawatt,North Macedonia,2022,24.000,,
ESTAT:NRG_INF_EPC$DEFAULTVIEW(1.0),08/04/26 23:00:00,Annual,Total,Net maximum electrical capacity,Autoproducers,Megawatt,North Macedonia,2023,260.212,,
ESTAT:NRG_INF_EPC$DEFAULTVIEW(1.0),08/04/26 23:00:00,Annual,Total,Net maximum electrical capacity,Autoproducers,Megawatt,North Macedonia,2024,361.368,,
ESTAT:NRG_INF_EPC$DEFAULTVIEW(1.0),08/04/26 23:00:00,Annual,Total,Net maximum electrical capacity,Autoproducers,Megawatt,Malta,2015,77.900,,
ESTAT:NRG_INF_EPC$DEFAULTVIEW(1.0),08/04/26 23:00:00,Annual,Total,Net maximum electrical capacity,Autoproducers,Megawatt,Malta,2016,98.260,,
ESTAT:NRG_INF_EPC$DEFAULTVIEW(1.0),08/04/26 23:00:00,Annual,Total,Net maximum electrical capacity,Autoproducers,Megawatt,Malta,2017,116.423,,
ESTAT:NRG_INF_EPC$DEFAULTVIEW(1.0),08/04/26 23:00:00,Annual,Total,Net maximum electrical capacity,Autoproducers,Megawatt,Malta,2018,136.550,,
ESTAT:NRG_INF_EPC$DEFAULTVIEW(1.0),08/04/26 23:00:00,Annual,Total,Net maximum electrical capacity,Autoproducers,Megawatt,Malta,2019,159.847,,
ESTAT:NRG_INF_EPC$DEFAULTVIEW(1.0),08/04/26 23:00:00,Annual,Total,Net maximum electrical capacity,Autoproducers,Megawatt,Malta,2020,192.563,,
ESTAT:NRG_INF_EPC$DEFAULTVIEW(1.0),08/04/26 23:00:00,Annual,Total,Net maximum electrical capacity,Autoproducers,Megawatt,Malta,2021,200.229,,
ESTAT:NRG_INF_EPC$DEFAULTVIEW(1.0),08/04/26 23:00:00,Annual,Total,Net maximum electrical capacity,Autoproducers,Megawatt,Malta,2022,213.762,,
ESTAT:NRG_INF_EPC$DEFAULTVIEW(1.0),08/04/26 23:00:00,Annual,Total,Net maximum electrical capacity,Autoproducers,Megawatt,Malta,2023,230.189,,
ESTAT:NRG_INF_EPC$DEFAULTVIEW(1.0),08/04/26 23:00:00,Annual,Total,Net maximum electrical capacity,Autoproducers,Megawatt,Malta,2024,242.126,,
ESTAT:NRG_INF_EPC$DEFAULTVIEW(1.0),08/04/26 23:00:00,Annual,Total,Net maximum electrical capacity,Autoproducers,Megawatt,Netherlands,2015,7233.368,,
ESTAT:NRG_INF_EPC$DEFAULTVIEW(1.0),08/04/26 23:00:00,Annual,Total,Net maximum electrical capacity,Autoproducers,Megawatt,Netherlands,2016,8070.426,,
ESTAT:NRG_INF_EPC$DEFAULTVIEW(1.0),08/04/26 23:00:00,Annual,Total,Net maximum electrical capacity,Autoproducers,Megawatt,Netherlands,2017,9309.085,,
ESTAT:NRG_INF_EPC$DEFAULTVIEW(1.0),08/04/26 23:00:00,Annual,Total,Net maximum electrical capacity,Autoproducers,Megawatt,Netherlands,2018,10681.598,,
ESTAT:NRG_INF_EPC$DEFAULTVIEW(1.0),08/04/26 23:00:00,Annual,Total,Net maximum electrical capacity,Autoproducers,Megawatt,Netherlands,2019,12954.837,,
ESTAT:NRG_INF_EPC$DEFAULTVIEW(1.0),08/04/26 23:00:00,Annual,Total,Net maximum electrical capacity,Autoproducers,Megawatt,Netherlands,2020,16436.596,,
ESTAT:NRG_INF_EPC$DEFAULTVIEW(1.0),08/04/26 23:00:00,Annual,Total,Net maximum electrical capacity,Autoproducers,Megawatt,Netherlands,2021,19285.445,,
ESTAT:NRG_INF_EPC$DEFAULTVIEW(1.0),08/04/26 23:00:00,Annual,Total,Net maximum electrical capacity,Autoproducers,Megawatt,Netherlands,2022,21486.388,,
ESTAT:NRG_INF_EPC$DEFAULTVIEW(1.0),08/04/26 23:00:00,Annual,Total,Net maximum electrical capacity,Autoproducers,Megawatt,Netherlands,2023,25422.334,,
ESTAT:NRG_INF_EPC$DEFAULTVIEW(1.0),08/04/26 23:00:00,Annual,Total,Net maximum electrical capacity,Autoproducers,Megawatt,Netherlands,2024,27579.822,,
ESTAT:NRG_INF_EPC$DEFAULTVIEW(1.0),08/04/26 23:00:00,Annual,Total,Net maximum electrical capacity,Autoproducers,Megawatt,Norway,2015,553.000,,
ESTAT:NRG_INF_EPC$DEFAULTVIEW(1.0),08/04/26 23:00:00,Annual,Total,Net maximum electrical capacity,Autoproducers,Megawatt,Norway,2016,553.000,,
ESTAT:NRG_INF_EPC$DEFAULTVIEW(1.0),08/04/26 23:00:00,Annual,Total,Net maximum electrical capacity,Autoproducers,Megawatt,Norway,2017,539.000,,
ESTAT:NRG_INF_EPC$DEFAULTVIEW(1.0),08/04/26 23:00:00,Annual,Total,Net maximum electrical capacity,Autoproducers,Megawatt,Norway,2018,620.405,,
ESTAT:NRG_INF_EPC$DEFAULTVIEW(1.0),08/04/26 23:00:00,Annual,Total,Net maximum electrical capacity,Autoproducers,Megawatt,Norway,2019,671.826,,
ESTAT:NRG_INF_EPC$DEFAULTVIEW(1.0),08/04/26 23:00:00,Annual,Total,Net maximum electrical capacity,Autoproducers,Megawatt,Norway,2020,681.281,,
ESTAT:NRG_INF_EPC$DEFAULTVIEW(1.0),08/04/26 23:00:00,Annual,Total,Net maximum electrical capacity,Autoproducers,Megawatt,Norway,2021,615.615,,
ESTAT:NRG_INF_EPC$DEFAULTVIEW(1.0),08/04/26 23:00:00,Annual,Total,Net maximum electrical capacity,Autoproducers,Megawatt,Norway,2022,771.908,,
ESTAT:NRG_INF_EPC$DEFAULTVIEW(1.0),08/04/26 23:00:00,Annual,Total,Net maximum electrical capacity,Autoproducers,Megawatt,Norway,2023,904.959,,
ESTAT:NRG_INF_EPC$DEFAULTVIEW(1.0),08/04/26 23:00:00,Annual,Total,Net maximum electrical capacity,Autoproducers,Megawatt,Norway,2024,1057.104,,
ESTAT:NRG_INF_EPC$DEFAULTVIEW(1.0),08/04/26 23:00:00,Annual,Total,Net maximum electrical capacity,Autoproducers,Megawatt,Poland,2015,2131.505,,
ESTAT:NRG_INF_EPC$DEFAULTVIEW(1.0),08/04/26 23:00:00,Annual,Total,Net maximum electrical capacity,Autoproducers,Megawatt,Poland,2016,2067.436,,
ESTAT:NRG_INF_EPC$DEFAULTVIEW(1.0),08/04/26 23:00:00,Annual,Total,Net maximum electrical capacity,Autoproducers,Megawatt,Poland,2017,2756.085,,
ESTAT:NRG_INF_EPC$DEFAULTVIEW(1.0),08/04/26 23:00:00,Annual,Total,Net maximum electrical capacity,Autoproducers,Megawatt,Poland,2018,3633.365,,
ESTAT:NRG_INF_EPC$DEFAULTVIEW(1.0),08/04/26 23:00:00,Annual,Total,Net maximum electrical capacity,Autoproducers,Megawatt,Poland,2019,4568.878,,
ESTAT:NRG_INF_EPC$DEFAULTVIEW(1.0),08/04/26 23:00:00,Annual,Total,Net maximum electrical capacity,Autoproducers,Megawatt,Poland,2020,6734.031,,
ESTAT:NRG_INF_EPC$DEFAULTVIEW(1.0),08/04/26 23:00:00,Annual,Total,Net maximum electrical capacity,Autoproducers,Megawatt,Poland,2021,9934.337,,
ESTAT:NRG_INF_EPC$DEFAULTVIEW(1.0),08/04/26 23:00:00,Annual,Total,Net maximum electrical capacity,Autoproducers,Megawatt,Poland,2022,14375.192,,
ESTAT:NRG_INF_EPC$DEFAULTVIEW(1.0),08/04/26 23:00:00,Annual,Total,Net maximum electrical capacity,Autoproducers,Megawatt,Poland,2023,17325.122,,
ESTAT:NRG_INF_EPC$DEFAULTVIEW(1.0),08/04/26 23:00:00,Annual,Total,Net maximum electrical capacity,Autoproducers,Megawatt,Poland,2024,22637.417,,
ESTAT:NRG_INF_EPC$DEFAULTVIEW(1.0),08/04/26 23:00:00,Annual,Total,Net maximum electrical capacity,Autoproducers,Megawatt,Portugal,2015,2049.480,,
ESTAT:NRG_INF_EPC$DEFAULTVIEW(1.0),08/04/26 23:00:00,Annual,Total,Net maximum electrical capacity,Autoproducers,Megawatt,Portugal,2016,2042.338,,
ESTAT:NRG_INF_EPC$DEFAULTVIEW(1.0),08/04/26 23:00:00,Annual,Total,Net maximum electrical capacity,Autoproducers,Megawatt,Portugal,2017,2083.913,,
ESTAT:NRG_INF_EPC$DEFAULTVIEW(1.0),08/04/26 23:00:00,Annual,Total,Net maximum electrical capacity,Autoproducers,Megawatt,Portugal,2018,2236.061,,
ESTAT:NRG_INF_EPC$DEFAULTVIEW(1.0),08/04/26 23:00:00,Annual,Total,Net maximum electrical capacity,Autoproducers,Megawatt,Portugal,2019,2409.387,,
ESTAT:NRG_INF_EPC$DEFAULTVIEW(1.0),08/04/26 23:00:00,Annual,Total,Net maximum electrical capacity,Autoproducers,Megawatt,Portugal,2020,2499.453,,
ESTAT:NRG_INF_EPC$DEFAULTVIEW(1.0),08/04/26 23:00:00,Annual,Total,Net maximum electrical capacity,Autoproducers,Megawatt,Portugal,2021,2630.177,,
ESTAT:NRG_INF_EPC$DEFAULTVIEW(1.0),08/04/26 23:00:00,Annual,Total,Net maximum electrical capacity,Autoproducers,Megawatt,Portugal,2022,2932.063,,
ESTAT:NRG_INF_EPC$DEFAULTVIEW(1.0),08/04/26 23:00:00,Annual,Total,Net maximum electrical capacity,Autoproducers,Megawatt,Portugal,2023,3561.101,,
ESTAT:NRG_INF_EPC$DEFAULTVIEW(1.0),08/04/26 23:00:00,Annual,Total,Net maximum electrical capacity,Autoproducers,Megawatt,Portugal,2024,3944.914,,
ESTAT:NRG_INF_EPC$DEFAULTVIEW(1.0),08/04/26 23:00:00,Annual,Total,Net maximum electrical capacity,Autoproducers,Megawatt,Romania,2015,2895.000,,
ESTAT:NRG_INF_EPC$DEFAULTVIEW(1.0),08/04/26 23:00:00,Annual,Total,Net maximum electrical capacity,Autoproducers,Megawatt,Romania,2016,2710.000,,
ESTAT:NRG_INF_EPC$DEFAULTVIEW(1.0),08/04/26 23:00:00,Annual,Total,Net maximum electrical capacity,Autoproducers,Megawatt,Romania,2017,2663.808,,
ESTAT:NRG_INF_EPC$DEFAULTVIEW(1.0),08/04/26 23:00:00,Annual,Total,Net maximum electrical capacity,Autoproducers,Megawatt,Romania,2018,2627.954,,
ESTAT:NRG_INF_EPC$DEFAULTVIEW(1.0),08/04/26 23:00:00,Annual,Total,Net maximum electrical capacity,Autoproducers,Megawatt,Romania,2019,1893.169,,
ESTAT:NRG_INF_EPC$DEFAULTVIEW(1.0),08/04/26 23:00:00,Annual,Total,Net maximum electrical capacity,Autoproducers,Megawatt,Romania,2020,2177.012,,
ESTAT:NRG_INF_EPC$DEFAULTVIEW(1.0),08/04/26 23:00:00,Annual,Total,Net maximum electrical capacity,Autoproducers,Megawatt,Romania,2021,2355.444,,
ESTAT:NRG_INF_EPC$DEFAULTVIEW(1.0),08/04/26 23:00:00,Annual,Total,Net maximum electrical capacity,Autoproducers,Megawatt,Romania,2022,2557.051,,
ESTAT:NRG_INF_EPC$DEFAULTVIEW(1.0),08/04/26 23:00:00,Annual,Total,Net maximum electrical capacity,Autoproducers,Megawatt,Romania,2023,3519.455,,
ESTAT:NRG_INF_EPC$DEFAULTVIEW(1.0),08/04/26 23:00:00,Annual,Total,Net maximum electrical capacity,Autoproducers,Megawatt,Romania,2024,4637.626,,
ESTAT:NRG_INF_EPC$DEFAULTVIEW(1.0),08/04/26 23:00:00,Annual,Total,Net maximum electrical capacity,Autoproducers,Megawatt,Serbia,2015,5.000,,
ESTAT:NRG_INF_EPC$DEFAULTVIEW(1.0),08/04/26 23:00:00,Annual,Total,Net maximum electrical capacity,Autoproducers,Megawatt,Serbia,2016,10.000,,
ESTAT:NRG_INF_EPC$DEFAULTVIEW(1.0),08/04/26 23:00:00,Annual,Total,Net maximum electrical capacity,Autoproducers,Megawatt,Serbia,2017,113.711,,
ESTAT:NRG_INF_EPC$DEFAULTVIEW(1.0),08/04/26 23:00:00,Annual,Total,Net maximum electrical capacity,Autoproducers,Megawatt,Serbia,2018,118.411,,
ESTAT:NRG_INF_EPC$DEFAULTVIEW(1.0),08/04/26 23:00:00,Annual,Total,Net maximum electrical capacity,Autoproducers,Megawatt,Serbia,2019,141.730,,
ESTAT:NRG_INF_EPC$DEFAULTVIEW(1.0),08/04/26 23:00:00,Annual,Total,Net maximum electrical capacity,Autoproducers,Megawatt,Serbia,2020,144.502,,
ESTAT:NRG_INF_EPC$DEFAULTVIEW(1.0),08/04/26 23:00:00,Annual,Total,Net maximum electrical capacity,Autoproducers,Megawatt,Serbia,2021,149.674,,
ESTAT:NRG_INF_EPC$DEFAULTVIEW(1.0),08/04/26 23:00:00,Annual,Total,Net maximum electrical capacity,Autoproducers,Megawatt,Serbia,2022,161.671,,
ESTAT:NRG_INF_EPC$DEFAULTVIEW(1.0),08/04/26 23:00:00,Annual,Total,Net maximum electrical capacity,Autoproducers,Megawatt,Serbia,2023,223.429,,
ESTAT:NRG_INF_EPC$DEFAULTVIEW(1.0),08/04/26 23:00:00,Annual,Total,Net maximum electrical capacity,Autoproducers,Megawatt,Serbia,2024,284.587,,
ESTAT:NRG_INF_EPC$DEFAULTVIEW(1.0),08/04/26 23:00:00,Annual,Total,Net maximum electrical capacity,Autoproducers,Megawatt,Sweden,2015,8.000,,
ESTAT:NRG_INF_EPC$DEFAULTVIEW(1.0),08/04/26 23:00:00,Annual,Total,Net maximum electrical capacity,Autoproducers,Megawatt,Sweden,2016,12.000,,
ESTAT:NRG_INF_EPC$DEFAULTVIEW(1.0),08/04/26 23:00:00,Annual,Total,Net maximum electrical capacity,Autoproducers,Megawatt,Sweden,2017,1285.000,,
ESTAT:NRG_INF_EPC$DEFAULTVIEW(1.0),08/04/26 23:00:00,Annual,Total,Net maximum electrical capacity,Autoproducers,Megawatt,Sweden,2018,1448.000,,
ESTAT:NRG_INF_EPC$DEFAULTVIEW(1.0),08/04/26 23:00:00,Annual,Total,Net maximum electrical capacity,Autoproducers,Megawatt,Sweden,2019,1411.000,,
ESTAT:NRG_INF_EPC$DEFAULTVIEW(1.0),08/04/26 23:00:00,Annual,Total,Net maximum electrical capacity,Autoproducers,Megawatt,Sweden,2020,1386.000,,
ESTAT:NRG_INF_EPC$DEFAULTVIEW(1.0),08/04/26 23:00:00,Annual,Total,Net maximum electrical capacity,Autoproducers,Megawatt,Sweden,2021,1460.000,,
ESTAT:NRG_INF_EPC$DEFAULTVIEW(1.0),08/04/26 23:00:00,Annual,Total,Net maximum electrical capacity,Autoproducers,Megawatt,Sweden,2022,2803.000,,
ESTAT:NRG_INF_EPC$DEFAULTVIEW(1.0),08/04/26 23:00:00,Annual,Total,Net maximum electrical capacity,Autoproducers,Megawatt,Sweden,2023,3491.000,,
ESTAT:NRG_INF_EPC$DEFAULTVIEW(1.0),08/04/26 23:00:00,Annual,Total,Net maximum electrical capacity,Autoproducers,Megawatt,Sweden,2024,3910.000,,
ESTAT:NRG_INF_EPC$DEFAULTVIEW(1.0),08/04/26 23:00:00,Annual,Total,Net maximum electrical capacity,Autoproducers,Megawatt,Slovenia,2015,395.000,,
ESTAT:NRG_INF_EPC$DEFAULTVIEW(1.0),08/04/26 23:00:00,Annual,Total,Net maximum electrical capacity,Autoproducers,Megawatt,Slovenia,2016,388.000,,
ESTAT:NRG_INF_EPC$DEFAULTVIEW(1.0),08/04/26 23:00:00,Annual,Total,Net maximum electrical capacity,Autoproducers,Megawatt,Slovenia,2017,402.012,,
ESTAT:NRG_INF_EPC$DEFAULTVIEW(1.0),08/04/26 23:00:00,Annual,Total,Net maximum electrical capacity,Autoproducers,Megawatt,Slovenia,2018,402.911,,
ESTAT:NRG_INF_EPC$DEFAULTVIEW(1.0),08/04/26 23:00:00,Annual,Total,Net maximum electrical capacity,Autoproducers,Megawatt,Slovenia,2019,435.422,,
ESTAT:NRG_INF_EPC$DEFAULTVIEW(1.0),08/04/26 23:00:00,Annual,Total,Net maximum electrical capacity,Autoproducers,Megawatt,Slovenia,2020,529.305,,
ESTAT:NRG_INF_EPC$DEFAULTVIEW(1.0),08/04/26 23:00:00,Annual,Total,Net maximum electrical capacity,Autoproducers,Megawatt,Slovenia,2021,618.817,,
ESTAT:NRG_INF_EPC$DEFAULTVIEW(1.0),08/04/26 23:00:00,Annual,Total,Net maximum electrical capacity,Autoproducers,Megawatt,Slovenia,2022,780.367,,
ESTAT:NRG_INF_EPC$DEFAULTVIEW(1.0),08/04/26 23:00:00,Annual,Total,Net maximum electrical capacity,Autoproducers,Megawatt,Slovenia,2023,1179.804,,
ESTAT:NRG_INF_EPC$DEFAULTVIEW(1.0),08/04/26 23:00:00,Annual,Total,Net maximum electrical capacity,Autoproducers,Megawatt,Slovenia,2024,1561.445,,
ESTAT:NRG_INF_EPC$DEFAULTVIEW(1.0),08/04/26 23:00:00,Annual,Total,Net maximum electrical capacity,Autoproducers,Megawatt,Slovakia,2015,1124.000,,
ESTAT:NRG_INF_EPC$DEFAULTVIEW(1.0),08/04/26 23:00:00,Annual,Total,Net maximum electrical capacity,Autoproducers,Megawatt,Slovakia,2016,1099.000,,
ESTAT:NRG_INF_EPC$DEFAULTVIEW(1.0),08/04/26 23:00:00,Annual,Total,Net maximum electrical capacity,Autoproducers,Megawatt,Slovakia,2017,1076.000,,
ESTAT:NRG_INF_EPC$DEFAULTVIEW(1.0),08/04/26 23:00:00,Annual,Total,Net maximum electrical capacity,Autoproducers,Megawatt,Slovakia,2018,1107.000,,
ESTAT:NRG_INF_EPC$DEFAULTVIEW(1.0),08/04/26 23:00:00,Annual,Total,Net maximum electrical capacity,Autoproducers,Megawatt,Slovakia,2019,1201.000,,
ESTAT:NRG_INF_EPC$DEFAULTVIEW(1.0),08/04/26 23:00:00,Annual,Total,Net maximum electrical capacity,Autoproducers,Megawatt,Slovakia,2020,1150.000,,
ESTAT:NRG_INF_EPC$DEFAULTVIEW(1.0),08/04/26 23:00:00,Annual,Total,Net maximum electrical capacity,Autoproducers,Megawatt,Slovakia,2021,1136.000,,
ESTAT:NRG_INF_EPC$DEFAULTVIEW(1.0),08/04/26 23:00:00,Annual,Total,Net maximum electrical capacity,Autoproducers,Megawatt,Slovakia,2022,1138.000,,
ESTAT:NRG_INF_EPC$DEFAULTVIEW(1.0),08/04/26 23:00:00,Annual,Total,Net maximum electrical capacity,Autoproducers,Megawatt,Slovakia,2023,1170.000,,
ESTAT:NRG_INF_EPC$DEFAULTVIEW(1.0),08/04/26 23:00:00,Annual,Total,Net maximum electrical capacity,Autoproducers,Megawatt,Slovakia,2024,1315.000,,
ESTAT:NRG_INF_EPC$DEFAULTVIEW(1.0),08/04/26 23:00:00,Annual,Total,Net maximum electrical capacity,Autoproducers,Megawatt,Türkiye,2015,4453.000,,
ESTAT:NRG_INF_EPC$DEFAULTVIEW(1.0),08/04/26 23:00:00,Annual,Total,Net maximum electrical capacity,Autoproducers,Megawatt,Türkiye,2016,5277.000,,
ESTAT:NRG_INF_EPC$DEFAULTVIEW(1.0),08/04/26 23:00:00,Annual,Total,Net maximum electrical capacity,Autoproducers,Megawatt,Türkiye,2017,6189.434,,
ESTAT:NRG_INF_EPC$DEFAULTVIEW(1.0),08/04/26 23:00:00,Annual,Total,Net maximum electrical capacity,Autoproducers,Megawatt,Türkiye,2018,6437.307,,
ESTAT:NRG_INF_EPC$DEFAULTVIEW(1.0),08/04/26 23:00:00,Annual,Total,Net maximum electrical capacity,Autoproducers,Megawatt,Türkiye,2019,7588.084,,
ESTAT:NRG_INF_EPC$DEFAULTVIEW(1.0),08/04/26 23:00:00,Annual,Total,Net maximum electrical capacity,Autoproducers,Megawatt,Türkiye,2020,8073.988,,
ESTAT:NRG_INF_EPC$DEFAULTVIEW(1.0),08/04/26 23:00:00,Annual,Total,Net maximum electrical capacity,Autoproducers,Megawatt,Türkiye,2021,8155.840,,
ESTAT:NRG_INF_EPC$DEFAULTVIEW(1.0),08/04/26 23:00:00,Annual,Total,Net maximum electrical capacity,Autoproducers,Megawatt,Türkiye,2022,9167.318,,
ESTAT:NRG_INF_EPC$DEFAULTVIEW(1.0),08/04/26 23:00:00,Annual,Total,Net maximum electrical capacity,Autoproducers,Megawatt,Türkiye,2023,14909.283,,
ESTAT:NRG_INF_EPC$DEFAULTVIEW(1.0),08/04/26 23:00:00,Annual,Total,Net maximum electrical capacity,Autoproducers,Megawatt,Türkiye,2024,18244.656,,
ESTAT:NRG_INF_EPC$DEFAULTVIEW(1.0),08/04/26 23:00:00,Annual,Total,Net maximum electrical capacity,Autoproducers,Megawatt,Kosovo*,2023,0.000,,
ESTAT:NRG_INF_EPC$DEFAULTVIEW(1.0),08/04/26 23:00:00,Annual,Total,Net maximum electrical capacity,Main activity producers,Megawatt,Albania,2015,1896.000,,
ESTAT:NRG_INF_EPC$DEFAULTVIEW(1.0),08/04/26 23:00:00,Annual,Total,Net maximum electrical capacity,Main activity producers,Megawatt,Albania,2016,2011.000,,
ESTAT:NRG_INF_EPC$DEFAULTVIEW(1.0),08/04/26 23:00:00,Annual,Total,Net maximum electrical capacity,Main activity producers,Megawatt,Albania,2017,2146.000,,
ESTAT:NRG_INF_EPC$DEFAULTVIEW(1.0),08/04/26 23:00:00,Annual,Total,Net maximum electrical capacity,Main activity producers,Megawatt,Albania,2018,2204.000,,
ESTAT:NRG_INF_EPC$DEFAULTVIEW(1.0),08/04/26 23:00:00,Annual,Total,Net maximum electrical capacity,Main activity producers,Megawatt,Albania,2019,2274.000,,
ESTAT:NRG_INF_EPC$DEFAULTVIEW(1.0),08/04/26 23:00:00,Annual,Total,Net maximum electrical capacity,Main activity producers,Megawatt,Albania,2020,2506.000,,
ESTAT:NRG_INF_EPC$DEFAULTVIEW(1.0),08/04/26 23:00:00,Annual,Total,Net maximum electrical capacity,Main activity producers,Megawatt,Albania,2021,2628.000,,
ESTAT:NRG_INF_EPC$DEFAULTVIEW(1.0),08/04/26 23:00:00,Annual,Total,Net maximum electrical capacity,Main activity producers,Megawatt,Albania,2022,2691.140,,
ESTAT:NRG_INF_EPC$DEFAULTVIEW(1.0),08/04/26 23:00:00,Annual,Total,Net maximum electrical capacity,Main activity producers,Megawatt,Albania,2023,2823.594,,
ESTAT:NRG_INF_EPC$DEFAULTVIEW(1.0),08/04/26 23:00:00,Annual,Total,Net maximum electrical capacity,Main activity producers,Megawatt,Albania,2024,3213.000,,
ESTAT:NRG_INF_EPC$DEFAULTVIEW(1.0),08/04/26 23:00:00,Annual,Total,Net maximum electrical capacity,Main activity producers,Megawatt,Austria,2015,22503.648,,
ESTAT:NRG_INF_EPC$DEFAULTVIEW(1.0),08/04/26 23:00:00,Annual,Total,Net maximum electrical capacity,Main activity producers,Megawatt,Austria,2016,22958.534,,
ESTAT:NRG_INF_EPC$DEFAULTVIEW(1.0),08/04/26 23:00:00,Annual,Total,Net maximum electrical capacity,Main activity producers,Megawatt,Austria,2017,23146.137,,
ESTAT:NRG_INF_EPC$DEFAULTVIEW(1.0),08/04/26 23:00:00,Annual,Total,Net maximum electrical capacity,Main activity producers,Megawatt,Austria,2018,23921.361,,
ESTAT:NRG_INF_EPC$DEFAULTVIEW(1.0),08/04/26 23:00:00,Annual,Total,Net maximum electrical capacity,Main activity producers,Megawatt,Austria,2019,23682.349,,
ESTAT:NRG_INF_EPC$DEFAULTVIEW(1.0),08/04/26 23:00:00,Annual,Total,Net maximum electrical capacity,Main activity producers,Megawatt,Austria,2020,24084.385,,
ESTAT:NRG_INF_EPC$DEFAULTVIEW(1.0),08/04/26 23:00:00,Annual,Total,Net maximum electrical capacity,Main activity producers,Megawatt,Austria,2021,22840.191,,
ESTAT:NRG_INF_EPC$DEFAULTVIEW(1.0),08/04/26 23:00:00,Annual,Total,Net maximum electrical capacity,Main activity producers,Megawatt,Austria,2022,22622.767,,
ESTAT:NRG_INF_EPC$DEFAULTVIEW(1.0),08/04/26 23:00:00,Annual,Total,Net maximum electrical capacity,Main activity producers,Megawatt,Austria,2023,23136.406,,
ESTAT:NRG_INF_EPC$DEFAULTVIEW(1.0),08/04/26 23:00:00,Annual,Total,Net maximum electrical capacity,Main activity producers,Megawatt,Austria,2024,23818.450,,
ESTAT:NRG_INF_EPC$DEFAULTVIEW(1.0),08/04/26 23:00:00,Annual,Total,Net maximum electrical capacity,Main activity producers,Megawatt,Bosnia and Herzegovina,2015,3820.000,,
ESTAT:NRG_INF_EPC$DEFAULTVIEW(1.0),08/04/26 23:00:00,Annual,Total,Net maximum electrical capacity,Main activity producers,Megawatt,Bosnia and Herzegovina,2016,4149.000,,
ESTAT:NRG_INF_EPC$DEFAULTVIEW(1.0),08/04/26 23:00:00,Annual,Total,Net maximum electrical capacity,Main activity producers,Megawatt,Bosnia and Herzegovina,2017,4292.000,,
ESTAT:NRG_INF_EPC$DEFAULTVIEW(1.0),08/04/26 23:00:00,Annual,Total,Net maximum electrical capacity,Main activity producers,Megawatt,Bosnia and Herzegovina,2018,4370.000,,
ESTAT:NRG_INF_EPC$DEFAULTVIEW(1.0),08/04/26 23:00:00,Annual,Total,Net maximum electrical capacity,Main activity producers,Megawatt,Bosnia and Herzegovina,2019,4414.410,,
ESTAT:NRG_INF_EPC$DEFAULTVIEW(1.0),08/04/26 23:00:00,Annual,Total,Net maximum electrical capacity,Main activity producers,Megawatt,Bosnia and Herzegovina,2020,4436.800,,
ESTAT:NRG_INF_EPC$DEFAULTVIEW(1.0),08/04/26 23:00:00,Annual,Total,Net maximum electrical capacity,Main activity producers,Megawatt,Bosnia and Herzegovina,2021,4516.030,,
ESTAT:NRG_INF_EPC$DEFAULTVIEW(1.0),08/04/26 23:00:00,Annual,Total,Net maximum electrical capacity,Main activity producers,Megawatt,Bosnia and Herzegovina,2022,4562.790,,
ESTAT:NRG_INF_EPC$DEFAULTVIEW(1.0),08/04/26 23:00:00,Annual,Total,Net maximum electrical capacity,Main activity producers,Megawatt,Bosnia and Herzegovina,2023,4677.410,,
ESTAT:NRG_INF_EPC$DEFAULTVIEW(1.0),08/04/26 23:00:00,Annual,Total,Net maximum electrical capacity,Main activity producers,Megawatt,Bosnia and Herzegovina,2024,5091.980,,
ESTAT:NRG_INF_EPC$DEFAULTVIEW(1.0),08/04/26 23:00:00,Annual,Total,Net maximum electrical capacity,Main activity producers,Megawatt,Belgium,2015,16700.400,,
ESTAT:NRG_INF_EPC$DEFAULTVIEW(1.0),08/04/26 23:00:00,Annual,Total,Net maximum electrical capacity,Main activity producers,Megawatt,Belgium,2016,16810.500,,
ESTAT:NRG_INF_EPC$DEFAULTVIEW(1.0),08/04/26 23:00:00,Annual,Total,Net maximum electrical capacity,Main activity producers,Megawatt,Belgium,2017,17110.500,,
ESTAT:NRG_INF_EPC$DEFAULTVIEW(1.0),08/04/26 23:00:00,Annual,Total,Net maximum electrical capacity,Main activity producers,Megawatt,Belgium,2018,17278.500,,
ESTAT:NRG_INF_EPC$DEFAULTVIEW(1.0),08/04/26 23:00:00,Annual,Total,Net maximum electrical capacity,Main activity producers,Megawatt,Belgium,2019,17641.400,,
ESTAT:NRG_INF_EPC$DEFAULTVIEW(1.0),08/04/26 23:00:00,Annual,Total,Net maximum electrical capacity,Main activity producers,Megawatt,Belgium,2020,18404.500,,
ESTAT:NRG_INF_EPC$DEFAULTVIEW(1.0),08/04/26 23:00:00,Annual,Total,Net maximum electrical capacity,Main activity producers,Megawatt,Belgium,2021,18591.400,,
ESTAT:NRG_INF_EPC$DEFAULTVIEW(1.0),08/04/26 23:00:00,Annual,Total,Net maximum electrical capacity,Main activity producers,Megawatt,Belgium,2022,18118.600,,
ESTAT:NRG_INF_EPC$DEFAULTVIEW(1.0),08/04/26 23:00:00,Annual,Total,Net maximum electrical capacity,Main activity producers,Megawatt,Belgium,2023,17131.300,,
ESTAT:NRG_INF_EPC$DEFAULTVIEW(1.0),08/04/26 23:00:00,Annual,Total,Net maximum electrical capacity,Main activity producers,Megawatt,Belgium,2024,17259.700,,
ESTAT:NRG_INF_EPC$DEFAULTVIEW(1.0),08/04/26 23:00:00,Annual,Total,Net maximum electrical capacity,Main activity producers,Megawatt,Bulgaria,2015,10775.000,,
ESTAT:NRG_INF_EPC$DEFAULTVIEW(1.0),08/04/26 23:00:00,Annual,Total,Net maximum electrical capacity,Main activity producers,Megawatt,Bulgaria,2016,10554.000,,
ESTAT:NRG_INF_EPC$DEFAULTVIEW(1.0),08/04/26 23:00:00,Annual,Total,Net maximum electrical capacity,Main activity producers,Megawatt,Bulgaria,2017,10618.608,,
ESTAT:NRG_INF_EPC$DEFAULTVIEW(1.0),08/04/26 23:00:00,Annual,Total,Net maximum electrical capacity,Main activity producers,Megawatt,Bulgaria,2018,11104.964,,
ESTAT:NRG_INF_EPC$DEFAULTVIEW(1.0),08/04/26 23:00:00,Annual,Total,Net maximum electrical capacity,Main activity producers,Megawatt,Bulgaria,2019,11068.321,,
ESTAT:NRG_INF_EPC$DEFAULTVIEW(1.0),08/04/26 23:00:00,Annual,Total,Net maximum electrical capacity,Main activity producers,Megawatt,Bulgaria,2020,10836.465,,
ESTAT:NRG_INF_EPC$DEFAULTVIEW(1.0),08/04/26 23:00:00,Annual,Total,Net maximum electrical capacity,Main activity producers,Megawatt,Bulgaria,2021,11037.257,,
ESTAT:NRG_INF_EPC$DEFAULTVIEW(1.0),08/04/26 23:00:00,Annual,Total,Net maximum electrical capacity,Main activity producers,Megawatt,Bulgaria,2022,12864.619,,
ESTAT:NRG_INF_EPC$DEFAULTVIEW(1.0),08/04/26 23:00:00,Annual,Total,Net maximum electrical capacity,Main activity producers,Megawatt,Bulgaria,2023,14047.383,,
ESTAT:NRG_INF_EPC$DEFAULTVIEW(1.0),08/04/26 23:00:00,Annual,Total,Net maximum electrical capacity,Main activity producers,Megawatt,Bulgaria,2024,15585.308,,
ESTAT:NRG_INF_EPC$DEFAULTVIEW(1.0),08/04/26 23:00:00,Annual,Total,Net maximum electrical capacity,Main activity producers,Megawatt,Cyprus,2015,1688.500,,
ESTAT:NRG_INF_EPC$DEFAULTVIEW(1.0),08/04/26 23:00:00,Annual,Total,Net maximum electrical capacity,Main activity producers,Megawatt,Cyprus,2016,1692.500,,
ESTAT:NRG_INF_EPC$DEFAULTVIEW(1.0),08/04/26 23:00:00,Annual,Total,Net maximum electrical capacity,Main activity producers,Megawatt,Cyprus,2017,1712.731,,
ESTAT:NRG_INF_EPC$DEFAULTVIEW(1.0),08/04/26 23:00:00,Annual,Total,Net maximum electrical capacity,Main activity producers,Megawatt,Cyprus,2018,1716.095,,
ESTAT:NRG_INF_EPC$DEFAULTVIEW(1.0),08/04/26 23:00:00,Annual,Total,Net maximum electrical capacity,Main activity producers,Megawatt,Cyprus,2019,1726.193,,
ESTAT:NRG_INF_EPC$DEFAULTVIEW(1.0),08/04/26 23:00:00,Annual,Total,Net maximum electrical capacity,Main activity producers,Megawatt,Cyprus,2020,1775.088,,
ESTAT:NRG_INF_EPC$DEFAULTVIEW(1.0),08/04/26 23:00:00,Annual,Total,Net maximum electrical capacity,Main activity producers,Megawatt,Cyprus,2021,1826.086,,
ESTAT:NRG_INF_EPC$DEFAULTVIEW(1.0),08/04/26 23:00:00,Annual,Total,Net maximum electrical capacity,Main activity producers,Megawatt,Cyprus,2022,1882.228,,
ESTAT:NRG_INF_EPC$DEFAULTVIEW(1.0),08/04/26 23:00:00,Annual,Total,Net maximum electrical capacity,Main activity producers,Megawatt,Cyprus,2023,1938.277,,
ESTAT:NRG_INF_EPC$DEFAULTVIEW(1.0),08/04/26 23:00:00,Annual,Total,Net maximum electrical capacity,Main activity producers,Megawatt,Cyprus,2024,1992.171,,
ESTAT:NRG_INF_EPC$DEFAULTVIEW(1.0),08/04/26 23:00:00,Annual,Total,Net maximum electrical capacity,Main activity producers,Megawatt,Czechia,2015,19978.038,,
ESTAT:NRG_INF_EPC$DEFAULTVIEW(1.0),08/04/26 23:00:00,Annual,Total,Net maximum electrical capacity,Main activity producers,Megawatt,Czechia,2016,20083.408,,
ESTAT:NRG_INF_EPC$DEFAULTVIEW(1.0),08/04/26 23:00:00,Annual,Total,Net maximum electrical capacity,Main activity producers,Megawatt,Czechia,2017,20323.301,,
ESTAT:NRG_INF_EPC$DEFAULTVIEW(1.0),08/04/26 23:00:00,Annual,Total,Net maximum electrical capacity,Main activity producers,Megawatt,Czechia,2018,20359.396,,
ESTAT:NRG_INF_EPC$DEFAULTVIEW(1.0),08/04/26 23:00:00,Annual,Total,Net maximum electrical capacity,Main activity producers,Megawatt,Czechia,2019,20085.244,,
ESTAT:NRG_INF_EPC$DEFAULTVIEW(1.0),08/04/26 23:00:00,Annual,Total,Net maximum electrical capacity,Main activity producers,Megawatt,Czechia,2020,19582.560,,
ESTAT:NRG_INF_EPC$DEFAULTVIEW(1.0),08/04/26 23:00:00,Annual,Total,Net maximum electrical capacity,Main activity producers,Megawatt,Czechia,2021,19176.211,,
ESTAT:NRG_INF_EPC$DEFAULTVIEW(1.0),08/04/26 23:00:00,Annual,Total,Net maximum electrical capacity,Main activity producers,Megawatt,Czechia,2022,19335.470,,
ESTAT:NRG_INF_EPC$DEFAULTVIEW(1.0),08/04/26 23:00:00,Annual,Total,Net maximum electrical capacity,Main activity producers,Megawatt,Czechia,2023,18541.428,,
ESTAT:NRG_INF_EPC$DEFAULTVIEW(1.0),08/04/26 23:00:00,Annual,Total,Net maximum electrical capacity,Main activity producers,Megawatt,Czechia,2024,18802.755,,
ESTAT:NRG_INF_EPC$DEFAULTVIEW(1.0),08/04/26 23:00:00,Annual,Total,Net maximum electrical capacity,Main activity producers,Megawatt,Germany,2015,192539.000,,
ESTAT:NRG_INF_EPC$DEFAULTVIEW(1.0),08/04/26 23:00:00,Annual,Total,Net maximum electrical capacity,Main activity producers,Megawatt,Germany,2016,197629.000,,
ESTAT:NRG_INF_EPC$DEFAULTVIEW(1.0),08/04/26 23:00:00,Annual,Total,Net maximum electrical capacity,Main activity producers,Megawatt,Germany,2017,203747.000,,
ESTAT:NRG_INF_EPC$DEFAULTVIEW(1.0),08/04/26 23:00:00,Annual,Total,Net maximum electrical capacity,Main activity producers,Megawatt,Germany,2018,216807.000,,
ESTAT:NRG_INF_EPC$DEFAULTVIEW(1.0),08/04/26 23:00:00,Annual,Total,Net maximum electrical capacity,Main activity producers,Megawatt,Germany,2019,220320.000,,
ESTAT:NRG_INF_EPC$DEFAULTVIEW(1.0),08/04/26 23:00:00,Annual,Total,Net maximum electrical capacity,Main activity producers,Megawatt,Germany,2020,222575.000,,
ESTAT:NRG_INF_EPC$DEFAULTVIEW(1.0),08/04/26 23:00:00,Annual,Total,Net maximum electrical capacity,Main activity producers,Megawatt,Germany,2021,231406.000,,
ESTAT:NRG_INF_EPC$DEFAULTVIEW(1.0),08/04/26 23:00:00,Annual,Total,Net maximum electrical capacity,Main activity producers,Megawatt,Germany,2022,232908.770,,
ESTAT:NRG_INF_EPC$DEFAULTVIEW(1.0),08/04/26 23:00:00,Annual,Total,Net maximum electrical capacity,Main activity producers,Megawatt,Germany,2023,209194.000,,
ESTAT:NRG_INF_EPC$DEFAULTVIEW(1.0),08/04/26 23:00:00,Annual,Total,Net maximum electrical capacity,Main activity producers,Megawatt,Germany,2024,203619.000,,
ESTAT:NRG_INF_EPC$DEFAULTVIEW(1.0),08/04/26 23:00:00,Annual,Total,Net maximum electrical capacity,Main activity producers,Megawatt,Denmark,2015,12604.558,,
ESTAT:NRG_INF_EPC$DEFAULTVIEW(1.0),08/04/26 23:00:00,Annual,Total,Net maximum electrical capacity,Main activity producers,Megawatt,Denmark,2016,12756.056,,
ESTAT:NRG_INF_EPC$DEFAULTVIEW(1.0),08/04/26 23:00:00,Annual,Total,Net maximum electrical capacity,Main activity producers,Megawatt,Denmark,2017,12781.865,,
ESTAT:NRG_INF_EPC$DEFAULTVIEW(1.0),08/04/26 23:00:00,Annual,Total,Net maximum electrical capacity,Main activity producers,Megawatt,Denmark,2018,13352.353,,
ESTAT:NRG_INF_EPC$DEFAULTVIEW(1.0),08/04/26 23:00:00,Annual,Total,Net maximum electrical capacity,Main activity producers,Megawatt,Denmark,2019,13319.538,,
ESTAT:NRG_INF_EPC$DEFAULTVIEW(1.0),08/04/26 23:00:00,Annual,Total,Net maximum electrical capacity,Main activity producers,Megawatt,Denmark,2020,13271.840,,
ESTAT:NRG_INF_EPC$DEFAULTVIEW(1.0),08/04/26 23:00:00,Annual,Total,Net maximum electrical capacity,Main activity producers,Megawatt,Denmark,2021,13920.132,,
ESTAT:NRG_INF_EPC$DEFAULTVIEW(1.0),08/04/26 23:00:00,Annual,Total,Net maximum electrical capacity,Main activity producers,Megawatt,Denmark,2022,14082.805,,
ESTAT:NRG_INF_EPC$DEFAULTVIEW(1.0),08/04/26 23:00:00,Annual,Total,Net maximum electrical capacity,Main activity producers,Megawatt,Denmark,2023,14280.828,,
ESTAT:NRG_INF_EPC$DEFAULTVIEW(1.0),08/04/26 23:00:00,Annual,Total,Net maximum electrical capacity,Main activity producers,Megawatt,Denmark,2024,14424.113,,
ESTAT:NRG_INF_EPC$DEFAULTVIEW(1.0),08/04/26 23:00:00,Annual,Total,Net maximum electrical capacity,Main activity producers,Megawatt,Euro area – 20 countries (2023-2025),2015,681418.868,,
ESTAT:NRG_INF_EPC$DEFAULTVIEW(1.0),08/04/26 23:00:00,Annual,Total,Net maximum electrical capacity,Main activity producers,Megawatt,Euro area – 20 countries (2023-2025),2016,685907.322,,
ESTAT:NRG_INF_EPC$DEFAULTVIEW(1.0),08/04/26 23:00:00,Annual,Total,Net maximum electrical capacity,Main activity producers,Megawatt,Euro area – 20 countries (2023-2025),2017,689305.216,,
ESTAT:NRG_INF_EPC$DEFAULTVIEW(1.0),08/04/26 23:00:00,Annual,Total,Net maximum electrical capacity,Main activity producers,Megawatt,Euro area – 20 countries (2023-2025),2018,706403.775,,
ESTAT:NRG_INF_EPC$DEFAULTVIEW(1.0),08/04/26 23:00:00,Annual,Total,Net maximum electrical capacity,Main activity producers,Megawatt,Euro area – 20 countries (2023-2025),2019,720504.056,,
ESTAT:NRG_INF_EPC$DEFAULTVIEW(1.0),08/04/26 23:00:00,Annual,Total,Net maximum electrical capacity,Main activity producers,Megawatt,Euro area – 20 countries (2023-2025),2020,726378.927,,
ESTAT:NRG_INF_EPC$DEFAULTVIEW(1.0),08/04/26 23:00:00,Annual,Total,Net maximum electrical capacity,Main activity producers,Megawatt,Euro area – 20 countries (2023-2025),2021,728794.176,,
ESTAT:NRG_INF_EPC$DEFAULTVIEW(1.0),08/04/26 23:00:00,Annual,Total,Net maximum electrical capacity,Main activity producers,Megawatt,Euro area – 20 countries (2023-2025),2022,753698.801,,
ESTAT:NRG_INF_EPC$DEFAULTVIEW(1.0),08/04/26 23:00:00,Annual,Total,Net maximum electrical capacity,Main activity producers,Megawatt,Euro area – 20 countries (2023-2025),2023,753159.747,,
ESTAT:NRG_INF_EPC$DEFAULTVIEW(1.0),08/04/26 23:00:00,Annual,Total,Net maximum electrical capacity,Main activity producers,Megawatt,Euro area – 20 countries (2023-2025),2024,747906.178,,
ESTAT:NRG_INF_EPC$DEFAULTVIEW(1.0),08/04/26 23:00:00,Annual,Total,Net maximum electrical capacity,Main activity producers,Megawatt,Euro area – 21 countries (from 2026),2015,692193.868,,
ESTAT:NRG_INF_EPC$DEFAULTVIEW(1.0),08/04/26 23:00:00,Annual,Total,Net maximum electrical capacity,Main activity producers,Megawatt,Euro area – 21 countries (from 2026),2016,696461.322,,
ESTAT:NRG_INF_EPC$DEFAULTVIEW(1.0),08/04/26 23:00:00,Annual,Total,Net maximum electrical capacity,Main activity producers,Megawatt,Euro area – 21 countries (from 2026),2017,699923.824,,
ESTAT:NRG_INF_EPC$DEFAULTVIEW(1.0),08/04/26 23:00:00,Annual,Total,Net maximum electrical capacity,Main activity producers,Megawatt,Euro area – 21 countries (from 2026),2018,717508.739,,
ESTAT:NRG_INF_EPC$DEFAULTVIEW(1.0),08/04/26 23:00:00,Annual,Total,Net maximum electrical capacity,Main activity producers,Megawatt,Euro area – 21 countries (from 2026),2019,731572.377,,
ESTAT:NRG_INF_EPC$DEFAULTVIEW(1.0),08/04/26 23:00:00,Annual,Total,Net maximum electrical capacity,Main activity producers,Megawatt,Euro area – 21 countries (from 2026),2020,737215.392,,
ESTAT:NRG_INF_EPC$DEFAULTVIEW(1.0),08/04/26 23:00:00,Annual,Total,Net maximum electrical capacity,Main activity producers,Megawatt,Euro area – 21 countries (from 2026),2021,739831.433,,
ESTAT:NRG_INF_EPC$DEFAULTVIEW(1.0),08/04/26 23:00:00,Annual,Total,Net maximum electrical capacity,Main activity producers,Megawatt,Euro area – 21 countries (from 2026),2022,766563.420,,
ESTAT:NRG_INF_EPC$DEFAULTVIEW(1.0),08/04/26 23:00:00,Annual,Total,Net maximum electrical capacity,Main activity producers,Megawatt,Euro area – 21 countries (from 2026),2023,767207.130,,
ESTAT:NRG_INF_EPC$DEFAULTVIEW(1.0),08/04/26 23:00:00,Annual,Total,Net maximum electrical capacity,Main activity producers,Megawatt,Euro area – 21 countries (from 2026),2024,763508.486,,
ESTAT:NRG_INF_EPC$DEFAULTVIEW(1.0),08/04/26 23:00:00,Annual,Total,Net maximum electrical capacity,Main activity producers,Megawatt,Estonia,2015,2826.000,,
ESTAT:NRG_INF_EPC$DEFAULTVIEW(1.0),08/04/26 23:00:00,Annual,Total,Net maximum electrical capacity,Main activity producers,Megawatt,Estonia,2016,2546.000,,
ESTAT:NRG_INF_EPC$DEFAULTVIEW(1.0),08/04/26 23:00:00,Annual,Total,Net maximum electrical capacity,Main activity producers,Megawatt,Estonia,2017,2515.300,,
ESTAT:NRG_INF_EPC$DEFAULTVIEW(1.0),08/04/26 23:00:00,Annual,Total,Net maximum electrical capacity,Main activity producers,Megawatt,Estonia,2018,2793.200,,
ESTAT:NRG_INF_EPC$DEFAULTVIEW(1.0),08/04/26 23:00:00,Annual,Total,Net maximum electrical capacity,Main activity producers,Megawatt,Estonia,2019,2721.600,,
ESTAT:NRG_INF_EPC$DEFAULTVIEW(1.0),08/04/26 23:00:00,Annual,Total,Net maximum electrical capacity,Main activity producers,Megawatt,Estonia,2020,2713.670,,
ESTAT:NRG_INF_EPC$DEFAULTVIEW(1.0),08/04/26 23:00:00,Annual,Total,Net maximum electrical capacity,Main activity producers,Megawatt,Estonia,2021,2385.770,,
ESTAT:NRG_INF_EPC$DEFAULTVIEW(1.0),08/04/26 23:00:00,Annual,Total,Net maximum electrical capacity,Main activity producers,Megawatt,Estonia,2022,2510.000,,
ESTAT:NRG_INF_EPC$DEFAULTVIEW(1.0),08/04/26 23:00:00,Annual,Total,Net maximum electrical capacity,Main activity producers,Megawatt,Estonia,2023,2823.000,,
ESTAT:NRG_INF_EPC$DEFAULTVIEW(1.0),08/04/26 23:00:00,Annual,Total,Net maximum electrical capacity,Main activity producers,Megawatt,Estonia,2024,2813.425,,
ESTAT:NRG_INF_EPC$DEFAULTVIEW(1.0),08/04/26 23:00:00,Annual,Total,Net maximum electrical capacity,Main activity producers,Megawatt,Greece,2015,18381.000,,
ESTAT:NRG_INF_EPC$DEFAULTVIEW(1.0),08/04/26 23:00:00,Annual,Total,Net maximum electrical capacity,Main activity producers,Megawatt,Greece,2016,18597.000,,
ESTAT:NRG_INF_EPC$DEFAULTVIEW(1.0),08/04/26 23:00:00,Annual,Total,Net maximum electrical capacity,Main activity producers,Megawatt,Greece,2017,18855.090,,
ESTAT:NRG_INF_EPC$DEFAULTVIEW(1.0),08/04/26 23:00:00,Annual,Total,Net maximum electrical capacity,Main activity producers,Megawatt,Greece,2018,19013.046,,
ESTAT:NRG_INF_EPC$DEFAULTVIEW(1.0),08/04/26 23:00:00,Annual,Total,Net maximum electrical capacity,Main activity producers,Megawatt,Greece,2019,19910.318,,
ESTAT:NRG_INF_EPC$DEFAULTVIEW(1.0),08/04/26 23:00:00,Annual,Total,Net maximum electrical capacity,Main activity producers,Megawatt,Greece,2020,20227.485,,
ESTAT:NRG_INF_EPC$DEFAULTVIEW(1.0),08/04/26 23:00:00,Annual,Total,Net maximum electrical capacity,Main activity producers,Megawatt,Greece,2021,21361.070,,
ESTAT:NRG_INF_EPC$DEFAULTVIEW(1.0),08/04/26 23:00:00,Annual,Total,Net maximum electrical capacity,Main activity producers,Megawatt,Greece,2022,23372.933,,
ESTAT:NRG_INF_EPC$DEFAULTVIEW(1.0),08/04/26 23:00:00,Annual,Total,Net maximum electrical capacity,Main activity producers,Megawatt,Greece,2023,25198.926,,
ESTAT:NRG_INF_EPC$DEFAULTVIEW(1.0),08/04/26 23:00:00,Annual,Total,Net maximum electrical capacity,Main activity producers,Megawatt,Greece,2024,28082.024,,
ESTAT:NRG_INF_EPC$DEFAULTVIEW(1.0),08/04/26 23:00:00,Annual,Total,Net maximum electrical capacity,Main activity producers,Megawatt,Spain,2015,100199.859,,
ESTAT:NRG_INF_EPC$DEFAULTVIEW(1.0),08/04/26 23:00:00,Annual,Total,Net maximum electrical capacity,Main activity producers,Megawatt,Spain,2016,99355.859,,
ESTAT:NRG_INF_EPC$DEFAULTVIEW(1.0),08/04/26 23:00:00,Annual,Total,Net maximum electrical capacity,Main activity producers,Megawatt,Spain,2017,97253.628,,
ESTAT:NRG_INF_EPC$DEFAULTVIEW(1.0),08/04/26 23:00:00,Annual,Total,Net maximum electrical capacity,Main activity producers,Megawatt,Spain,2018,97218.970,,
ESTAT:NRG_INF_EPC$DEFAULTVIEW(1.0),08/04/26 23:00:00,Annual,Total,Net maximum electrical capacity,Main activity producers,Megawatt,Spain,2019,103205.108,,
ESTAT:NRG_INF_EPC$DEFAULTVIEW(1.0),08/04/26 23:00:00,Annual,Total,Net maximum electrical capacity,Main activity producers,Megawatt,Spain,2020,101747.330,,
ESTAT:NRG_INF_EPC$DEFAULTVIEW(1.0),08/04/26 23:00:00,Annual,Total,Net maximum electrical capacity,Main activity producers,Megawatt,Spain,2021,103890.562,,
ESTAT:NRG_INF_EPC$DEFAULTVIEW(1.0),08/04/26 23:00:00,Annual,Total,Net maximum electrical capacity,Main activity producers,Megawatt,Spain,2022,113241.642,,
ESTAT:NRG_INF_EPC$DEFAULTVIEW(1.0),08/04/26 23:00:00,Annual,Total,Net maximum electrical capacity,Main activity producers,Megawatt,Spain,2023,117189.220,,
ESTAT:NRG_INF_EPC$DEFAULTVIEW(1.0),08/04/26 23:00:00,Annual,Total,Net maximum electrical capacity,Main activity producers,Megawatt,Spain,2024,121717.031,,
ESTAT:NRG_INF_EPC$DEFAULTVIEW(1.0),08/04/26 23:00:00,Annual,Total,Net maximum electrical capacity,Main activity producers,Megawatt,European Union - 27 countries (from 2020),2015,828403.464,,
ESTAT:NRG_INF_EPC$DEFAULTVIEW(1.0),08/04/26 23:00:00,Annual,Total,Net maximum electrical capacity,Main activity producers,Megawatt,European Union - 27 countries (from 2020),2016,834338.786,,
ESTAT:NRG_INF_EPC$DEFAULTVIEW(1.0),08/04/26 23:00:00,Annual,Total,Net maximum electrical capacity,Main activity producers,Megawatt,European Union - 27 countries (from 2020),2017,840467.876,,
ESTAT:NRG_INF_EPC$DEFAULTVIEW(1.0),08/04/26 23:00:00,Annual,Total,Net maximum electrical capacity,Main activity producers,Megawatt,European Union - 27 countries (from 2020),2018,859491.307,,
ESTAT:NRG_INF_EPC$DEFAULTVIEW(1.0),08/04/26 23:00:00,Annual,Total,Net maximum electrical capacity,Main activity producers,Megawatt,European Union - 27 countries (from 2020),2019,872757.611,,
ESTAT:NRG_INF_EPC$DEFAULTVIEW(1.0),08/04/26 23:00:00,Annual,Total,Net maximum electrical capacity,Main activity producers,Megawatt,European Union - 27 countries (from 2020),2020,882114.877,,
ESTAT:NRG_INF_EPC$DEFAULTVIEW(1.0),08/04/26 23:00:00,Annual,Total,Net maximum electrical capacity,Main activity producers,Megawatt,European Union - 27 countries (from 2020),2021,884493.835,,
ESTAT:NRG_INF_EPC$DEFAULTVIEW(1.0),08/04/26 23:00:00,Annual,Total,Net maximum electrical capacity,Main activity producers,Megawatt,European Union - 27 countries (from 2020),2022,912676.053,,
ESTAT:NRG_INF_EPC$DEFAULTVIEW(1.0),08/04/26 23:00:00,Annual,Total,Net maximum electrical capacity,Main activity producers,Megawatt,European Union - 27 countries (from 2020),2023,916865.824,,
ESTAT:NRG_INF_EPC$DEFAULTVIEW(1.0),08/04/26 23:00:00,Annual,Total,Net maximum electrical capacity,Main activity producers,Megawatt,European Union - 27 countries (from 2020),2024,919621.061,,
ESTAT:NRG_INF_EPC$DEFAULTVIEW(1.0),08/04/26 23:00:00,Annual,Total,Net maximum electrical capacity,Main activity producers,Megawatt,Finland,2015,14448.000,,
ESTAT:NRG_INF_EPC$DEFAULTVIEW(1.0),08/04/26 23:00:00,Annual,Total,Net maximum electrical capacity,Main activity producers,Megawatt,Finland,2016,14105.000,,
ESTAT:NRG_INF_EPC$DEFAULTVIEW(1.0),08/04/26 23:00:00,Annual,Total,Net maximum electrical capacity,Main activity producers,Megawatt,Finland,2017,14752.000,,
ESTAT:NRG_INF_EPC$DEFAULTVIEW(1.0),08/04/26 23:00:00,Annual,Total,Net maximum electrical capacity,Main activity producers,Megawatt,Finland,2018,14654.000,,
ESTAT:NRG_INF_EPC$DEFAULTVIEW(1.0),08/04/26 23:00:00,Annual,Total,Net maximum electrical capacity,Main activity producers,Megawatt,Finland,2019,14894.000,,
ESTAT:NRG_INF_EPC$DEFAULTVIEW(1.0),08/04/26 23:00:00,Annual,Total,Net maximum electrical capacity,Main activity producers,Megawatt,Finland,2020,14779.000,,
ESTAT:NRG_INF_EPC$DEFAULTVIEW(1.0),08/04/26 23:00:00,Annual,Total,Net maximum electrical capacity,Main activity producers,Megawatt,Finland,2021,15402.000,,
ESTAT:NRG_INF_EPC$DEFAULTVIEW(1.0),08/04/26 23:00:00,Annual,Total,Net maximum electrical capacity,Main activity producers,Megawatt,Finland,2022,17380.000,,
ESTAT:NRG_INF_EPC$DEFAULTVIEW(1.0),08/04/26 23:00:00,Annual,Total,Net maximum electrical capacity,Main activity producers,Megawatt,Finland,2023,20021.000,,
ESTAT:NRG_INF_EPC$DEFAULTVIEW(1.0),08/04/26 23:00:00,Annual,Total,Net maximum electrical capacity,Main activity producers,Megawatt,Finland,2024,20862.000,,
ESTAT:NRG_INF_EPC$DEFAULTVIEW(1.0),08/04/26 23:00:00,Annual,Total,Net maximum electrical capacity,Main activity producers,Megawatt,France,2015,126305.191,,
ESTAT:NRG_INF_EPC$DEFAULTVIEW(1.0),08/04/26 23:00:00,Annual,Total,Net maximum electrical capacity,Main activity producers,Megawatt,France,2016,126817.310,,
ESTAT:NRG_INF_EPC$DEFAULTVIEW(1.0),08/04/26 23:00:00,Annual,Total,Net maximum electrical capacity,Main activity producers,Megawatt,France,2017,125739.986,,
ESTAT:NRG_INF_EPC$DEFAULTVIEW(1.0),08/04/26 23:00:00,Annual,Total,Net maximum electrical capacity,Main activity producers,Megawatt,France,2018,126920.529,,
ESTAT:NRG_INF_EPC$DEFAULTVIEW(1.0),08/04/26 23:00:00,Annual,Total,Net maximum electrical capacity,Main activity producers,Megawatt,France,2019,129153.408,,
ESTAT:NRG_INF_EPC$DEFAULTVIEW(1.0),08/04/26 23:00:00,Annual,Total,Net maximum electrical capacity,Main activity producers,Megawatt,France,2020,129780.918,,
ESTAT:NRG_INF_EPC$DEFAULTVIEW(1.0),08/04/26 23:00:00,Annual,Total,Net maximum electrical capacity,Main activity producers,Megawatt,France,2021,133632.795,,
ESTAT:NRG_INF_EPC$DEFAULTVIEW(1.0),08/04/26 23:00:00,Annual,Total,Net maximum electrical capacity,Main activity producers,Megawatt,France,2022,139189.823,,
ESTAT:NRG_INF_EPC$DEFAULTVIEW(1.0),08/04/26 23:00:00,Annual,Total,Net maximum electrical capacity,Main activity producers,Megawatt,France,2023,142431.461,,
ESTAT:NRG_INF_EPC$DEFAULTVIEW(1.0),08/04/26 23:00:00,Annual,Total,Net maximum electrical capacity,Main activity producers,Megawatt,France,2024,122462.567,,
ESTAT:NRG_INF_EPC$DEFAULTVIEW(1.0),08/04/26 23:00:00,Annual,Total,Net maximum electrical capacity,Main activity producers,Megawatt,Georgia,2022,4188.910,,
ESTAT:NRG_INF_EPC$DEFAULTVIEW(1.0),08/04/26 23:00:00,Annual,Total,Net maximum electrical capacity,Main activity producers,Megawatt,Georgia,2023,4234.091,,
ESTAT:NRG_INF_EPC$DEFAULTVIEW(1.0),08/04/26 23:00:00,Annual,Total,Net maximum electrical capacity,Main activity producers,Megawatt,Georgia,2024,4240.122,,
ESTAT:NRG_INF_EPC$DEFAULTVIEW(1.0),08/04/26 23:00:00,Annual,Total,Net maximum electrical capacity,Main activity producers,Megawatt,Croatia,2015,4561.100,,
ESTAT:NRG_INF_EPC$DEFAULTVIEW(1.0),08/04/26 23:00:00,Annual,Total,Net maximum electrical capacity,Main activity producers,Megawatt,Croatia,2016,4633.100,,
ESTAT:NRG_INF_EPC$DEFAULTVIEW(1.0),08/04/26 23:00:00,Annual,Total,Net maximum electrical capacity,Main activity producers,Megawatt,Croatia,2017,4750.600,,
ESTAT:NRG_INF_EPC$DEFAULTVIEW(1.0),08/04/26 23:00:00,Annual,Total,Net maximum electrical capacity,Main activity producers,Megawatt,Croatia,2018,4773.100,,
ESTAT:NRG_INF_EPC$DEFAULTVIEW(1.0),08/04/26 23:00:00,Annual,Total,Net maximum electrical capacity,Main activity producers,Megawatt,Croatia,2019,4462.300,,
ESTAT:NRG_INF_EPC$DEFAULTVIEW(1.0),08/04/26 23:00:00,Annual,Total,Net maximum electrical capacity,Main activity producers,Megawatt,Croatia,2020,4389.100,,
ESTAT:NRG_INF_EPC$DEFAULTVIEW(1.0),08/04/26 23:00:00,Annual,Total,Net maximum electrical capacity,Main activity producers,Megawatt,Croatia,2021,4594.800,,
ESTAT:NRG_INF_EPC$DEFAULTVIEW(1.0),08/04/26 23:00:00,Annual,Total,Net maximum electrical capacity,Main activity producers,Megawatt,Croatia,2022,4834.400,,
ESTAT:NRG_INF_EPC$DEFAULTVIEW(1.0),08/04/26 23:00:00,Annual,Total,Net maximum electrical capacity,Main activity producers,Megawatt,Croatia,2023,5234.400,,
ESTAT:NRG_INF_EPC$DEFAULTVIEW(1.0),08/04/26 23:00:00,Annual,Total,Net maximum electrical capacity,Main activity producers,Megawatt,Croatia,2024,5539.700,,
ESTAT:NRG_INF_EPC$DEFAULTVIEW(1.0),08/04/26 23:00:00,Annual,Total,Net maximum electrical capacity,Main activity producers,Megawatt,Hungary,2015,8258.000,,
ESTAT:NRG_INF_EPC$DEFAULTVIEW(1.0),08/04/26 23:00:00,Annual,Total,Net maximum electrical capacity,Main activity producers,Megawatt,Hungary,2016,8290.000,,
ESTAT:NRG_INF_EPC$DEFAULTVIEW(1.0),08/04/26 23:00:00,Annual,Total,Net maximum electrical capacity,Main activity producers,Megawatt,Hungary,2017,8298.000,,
ESTAT:NRG_INF_EPC$DEFAULTVIEW(1.0),08/04/26 23:00:00,Annual,Total,Net maximum electrical capacity,Main activity producers,Megawatt,Hungary,2018,8551.000,,
ESTAT:NRG_INF_EPC$DEFAULTVIEW(1.0),08/04/26 23:00:00,Annual,Total,Net maximum electrical capacity,Main activity producers,Megawatt,Hungary,2019,8969.000,,
ESTAT:NRG_INF_EPC$DEFAULTVIEW(1.0),08/04/26 23:00:00,Annual,Total,Net maximum electrical capacity,Main activity producers,Megawatt,Hungary,2020,9394.000,,
ESTAT:NRG_INF_EPC$DEFAULTVIEW(1.0),08/04/26 23:00:00,Annual,Total,Net maximum electrical capacity,Main activity producers,Megawatt,Hungary,2021,9843.000,,
ESTAT:NRG_INF_EPC$DEFAULTVIEW(1.0),08/04/26 23:00:00,Annual,Total,Net maximum electrical capacity,Main activity producers,Megawatt,Hungary,2022,10274.000,,
ESTAT:NRG_INF_EPC$DEFAULTVIEW(1.0),08/04/26 23:00:00,Annual,Total,Net maximum electrical capacity,Main activity producers,Megawatt,Hungary,2023,10062.300,,
ESTAT:NRG_INF_EPC$DEFAULTVIEW(1.0),08/04/26 23:00:00,Annual,Total,Net maximum electrical capacity,Main activity producers,Megawatt,Hungary,2024,10677.700,,
ESTAT:NRG_INF_EPC$DEFAULTVIEW(1.0),08/04/26 23:00:00,Annual,Total,Net maximum electrical capacity,Main activity producers,Megawatt,Ireland,2015,9303.295,,
ESTAT:NRG_INF_EPC$DEFAULTVIEW(1.0),08/04/26 23:00:00,Annual,Total,Net maximum electrical capacity,Main activity producers,Megawatt,Ireland,2016,9647.640,,
ESTAT:NRG_INF_EPC$DEFAULTVIEW(1.0),08/04/26 23:00:00,Annual,Total,Net maximum electrical capacity,Main activity producers,Megawatt,Ireland,2017,10206.330,,
ESTAT:NRG_INF_EPC$DEFAULTVIEW(1.0),08/04/26 23:00:00,Annual,Total,Net maximum electrical capacity,Main activity producers,Megawatt,Ireland,2018,10555.825,,
ESTAT:NRG_INF_EPC$DEFAULTVIEW(1.0),08/04/26 23:00:00,Annual,Total,Net maximum electrical capacity,Main activity producers,Megawatt,Ireland,2019,10661.535,,
ESTAT:NRG_INF_EPC$DEFAULTVIEW(1.0),08/04/26 23:00:00,Annual,Total,Net maximum electrical capacity,Main activity producers,Megawatt,Ireland,2020,10757.335,,
ESTAT:NRG_INF_EPC$DEFAULTVIEW(1.0),08/04/26 23:00:00,Annual,Total,Net maximum electrical capacity,Main activity producers,Megawatt,Ireland,2021,10850.626,,
ESTAT:NRG_INF_EPC$DEFAULTVIEW(1.0),08/04/26 23:00:00,Annual,Total,Net maximum electrical capacity,Main activity producers,Megawatt,Ireland,2022,11091.507,,
ESTAT:NRG_INF_EPC$DEFAULTVIEW(1.0),08/04/26 23:00:00,Annual,Total,Net maximum electrical capacity,Main activity producers,Megawatt,Ireland,2023,11768.816,,
ESTAT:NRG_INF_EPC$DEFAULTVIEW(1.0),08/04/26 23:00:00,Annual,Total,Net maximum electrical capacity,Main activity producers,Megawatt,Ireland,2024,11893.596,,
ESTAT:NRG_INF_EPC$DEFAULTVIEW(1.0),08/04/26 23:00:00,Annual,Total,Net maximum electrical capacity,Main activity producers,Megawatt,Iceland,2022,3006.460,,
ESTAT:NRG_INF_EPC$DEFAULTVIEW(1.0),08/04/26 23:00:00,Annual,Total,Net maximum electrical capacity,Main activity producers,Megawatt,Iceland,2023,3012.308,,
ESTAT:NRG_INF_EPC$DEFAULTVIEW(1.0),08/04/26 23:00:00,Annual,Total,Net maximum electrical capacity,Main activity producers,Megawatt,Iceland,2024,3002.723,,
ESTAT:NRG_INF_EPC$DEFAULTVIEW(1.0),08/04/26 23:00:00,Annual,Total,Net maximum electrical capacity,Main activity producers,Megawatt,Italy,2015,111706.000,,
ESTAT:NRG_INF_EPC$DEFAULTVIEW(1.0),08/04/26 23:00:00,Annual,Total,Net maximum electrical capacity,Main activity producers,Megawatt,Italy,2016,109328.000,,
ESTAT:NRG_INF_EPC$DEFAULTVIEW(1.0),08/04/26 23:00:00,Annual,Total,Net maximum electrical capacity,Main activity producers,Megawatt,Italy,2017,109206.783,,
ESTAT:NRG_INF_EPC$DEFAULTVIEW(1.0),08/04/26 23:00:00,Annual,Total,Net maximum electrical capacity,Main activity producers,Megawatt,Italy,2018,109699.390,,
ESTAT:NRG_INF_EPC$DEFAULTVIEW(1.0),08/04/26 23:00:00,Annual,Total,Net maximum electrical capacity,Main activity producers,Megawatt,Italy,2019,111003.271,,
ESTAT:NRG_INF_EPC$DEFAULTVIEW(1.0),08/04/26 23:00:00,Annual,Total,Net maximum electrical capacity,Main activity producers,Megawatt,Italy,2020,111217.575,,
ESTAT:NRG_INF_EPC$DEFAULTVIEW(1.0),08/04/26 23:00:00,Annual,Total,Net maximum electrical capacity,Main activity producers,Megawatt,Italy,2021,96566.762,,
ESTAT:NRG_INF_EPC$DEFAULTVIEW(1.0),08/04/26 23:00:00,Annual,Total,Net maximum electrical capacity,Main activity producers,Megawatt,Italy,2022,98075.507,,
ESTAT:NRG_INF_EPC$DEFAULTVIEW(1.0),08/04/26 23:00:00,Annual,Total,Net maximum electrical capacity,Main activity producers,Megawatt,Italy,2023,104098.262,,
ESTAT:NRG_INF_EPC$DEFAULTVIEW(1.0),08/04/26 23:00:00,Annual,Total,Net maximum electrical capacity,Main activity producers,Megawatt,Italy,2024,108836.635,,
ESTAT:NRG_INF_EPC$DEFAULTVIEW(1.0),08/04/26 23:00:00,Annual,Total,Net maximum electrical capacity,Main activity producers,Megawatt,Liechtenstein,2015,0.000,,
ESTAT:NRG_INF_EPC$DEFAULTVIEW(1.0),08/04/26 23:00:00,Annual,Total,Net maximum electrical capacity,Main activity producers,Megawatt,Liechtenstein,2016,0.000,,
ESTAT:NRG_INF_EPC$DEFAULTVIEW(1.0),08/04/26 23:00:00,Annual,Total,Net maximum electrical capacity,Main activity producers,Megawatt,Liechtenstein,2017,0.000,,
ESTAT:NRG_INF_EPC$DEFAULTVIEW(1.0),08/04/26 23:00:00,Annual,Total,Net maximum electrical capacity,Main activity producers,Megawatt,Liechtenstein,2018,0.000,,
ESTAT:NRG_INF_EPC$DEFAULTVIEW(1.0),08/04/26 23:00:00,Annual,Total,Net maximum electrical capacity,Main activity producers,Megawatt,Liechtenstein,2019,0.000,,
ESTAT:NRG_INF_EPC$DEFAULTVIEW(1.0),08/04/26 23:00:00,Annual,Total,Net maximum electrical capacity,Main activity producers,Megawatt,Liechtenstein,2020,0.000,,
ESTAT:NRG_INF_EPC$DEFAULTVIEW(1.0),08/04/26 23:00:00,Annual,Total,Net maximum electrical capacity,Main activity producers,Megawatt,Liechtenstein,2021,0.000,,
ESTAT:NRG_INF_EPC$DEFAULTVIEW(1.0),08/04/26 23:00:00,Annual,Total,Net maximum electrical capacity,Main activity producers,Megawatt,Liechtenstein,2022,0.000,,
ESTAT:NRG_INF_EPC$DEFAULTVIEW(1.0),08/04/26 23:00:00,Annual,Total,Net maximum electrical capacity,Main activity producers,Megawatt,Liechtenstein,2023,60.173,,
ESTAT:NRG_INF_EPC$DEFAULTVIEW(1.0),08/04/26 23:00:00,Annual,Total,Net maximum electrical capacity,Main activity producers,Megawatt,Liechtenstein,2024,77.109,,
ESTAT:NRG_INF_EPC$DEFAULTVIEW(1.0),08/04/26 23:00:00,Annual,Total,Net maximum electrical capacity,Main activity producers,Megawatt,Lithuania,2015,3310.606,,
ESTAT:NRG_INF_EPC$DEFAULTVIEW(1.0),08/04/26 23:00:00,Annual,Total,Net maximum electrical capacity,Main activity producers,Megawatt,Lithuania,2016,3384.541,,
ESTAT:NRG_INF_EPC$DEFAULTVIEW(1.0),08/04/26 23:00:00,Annual,Total,Net maximum electrical capacity,Main activity producers,Megawatt,Lithuania,2017,3043.247,,
ESTAT:NRG_INF_EPC$DEFAULTVIEW(1.0),08/04/26 23:00:00,Annual,Total,Net maximum electrical capacity,Main activity producers,Megawatt,Lithuania,2018,3071.088,,
ESTAT:NRG_INF_EPC$DEFAULTVIEW(1.0),08/04/26 23:00:00,Annual,Total,Net maximum electrical capacity,Main activity producers,Megawatt,Lithuania,2019,3093.014,,
ESTAT:NRG_INF_EPC$DEFAULTVIEW(1.0),08/04/26 23:00:00,Annual,Total,Net maximum electrical capacity,Main activity producers,Megawatt,Lithuania,2020,3205.495,,
ESTAT:NRG_INF_EPC$DEFAULTVIEW(1.0),08/04/26 23:00:00,Annual,Total,Net maximum electrical capacity,Main activity producers,Megawatt,Lithuania,2021,3423.881,,
ESTAT:NRG_INF_EPC$DEFAULTVIEW(1.0),08/04/26 23:00:00,Annual,Total,Net maximum electrical capacity,Main activity producers,Megawatt,Lithuania,2022,4015.468,,
ESTAT:NRG_INF_EPC$DEFAULTVIEW(1.0),08/04/26 23:00:00,Annual,Total,Net maximum electrical capacity,Main activity producers,Megawatt,Lithuania,2023,4989.000,,
ESTAT:NRG_INF_EPC$DEFAULTVIEW(1.0),08/04/26 23:00:00,Annual,Total,Net maximum electrical capacity,Main activity producers,Megawatt,Lithuania,2024,6788.000,,
ESTAT:NRG_INF_EPC$DEFAULTVIEW(1.0),08/04/26 23:00:00,Annual,Total,Net maximum electrical capacity,Main activity producers,Megawatt,Luxembourg,2015,1843.780,,
ESTAT:NRG_INF_EPC$DEFAULTVIEW(1.0),08/04/26 23:00:00,Annual,Total,Net maximum electrical capacity,Main activity producers,Megawatt,Luxembourg,2016,1509.295,,
ESTAT:NRG_INF_EPC$DEFAULTVIEW(1.0),08/04/26 23:00:00,Annual,Total,Net maximum electrical capacity,Main activity producers,Megawatt,Luxembourg,2017,1520.475,,
ESTAT:NRG_INF_EPC$DEFAULTVIEW(1.0),08/04/26 23:00:00,Annual,Total,Net maximum electrical capacity,Main activity producers,Megawatt,Luxembourg,2018,1527.060,,
ESTAT:NRG_INF_EPC$DEFAULTVIEW(1.0),08/04/26 23:00:00,Annual,Total,Net maximum electrical capacity,Main activity producers,Megawatt,Luxembourg,2019,1559.722,,
ESTAT:NRG_INF_EPC$DEFAULTVIEW(1.0),08/04/26 23:00:00,Annual,Total,Net maximum electrical capacity,Main activity producers,Megawatt,Luxembourg,2020,1575.881,,
ESTAT:NRG_INF_EPC$DEFAULTVIEW(1.0),08/04/26 23:00:00,Annual,Total,Net maximum electrical capacity,Main activity producers,Megawatt,Luxembourg,2021,1554.927,,
ESTAT:NRG_INF_EPC$DEFAULTVIEW(1.0),08/04/26 23:00:00,Annual,Total,Net maximum electrical capacity,Main activity producers,Megawatt,Luxembourg,2022,1580.635,,
ESTAT:NRG_INF_EPC$DEFAULTVIEW(1.0),08/04/26 23:00:00,Annual,Total,Net maximum electrical capacity,Main activity producers,Megawatt,Luxembourg,2023,1637.403,,
ESTAT:NRG_INF_EPC$DEFAULTVIEW(1.0),08/04/26 23:00:00,Annual,Total,Net maximum electrical capacity,Main activity producers,Megawatt,Luxembourg,2024,1643.635,,
ESTAT:NRG_INF_EPC$DEFAULTVIEW(1.0),08/04/26 23:00:00,Annual,Total,Net maximum electrical capacity,Main activity producers,Megawatt,Latvia,2015,2888.658,,
ESTAT:NRG_INF_EPC$DEFAULTVIEW(1.0),08/04/26 23:00:00,Annual,Total,Net maximum electrical capacity,Main activity producers,Megawatt,Latvia,2016,2883.551,,
ESTAT:NRG_INF_EPC$DEFAULTVIEW(1.0),08/04/26 23:00:00,Annual,Total,Net maximum electrical capacity,Main activity producers,Megawatt,Latvia,2017,2907.787,,
ESTAT:NRG_INF_EPC$DEFAULTVIEW(1.0),08/04/26 23:00:00,Annual,Total,Net maximum electrical capacity,Main activity producers,Megawatt,Latvia,2018,2880.534,,
ESTAT:NRG_INF_EPC$DEFAULTVIEW(1.0),08/04/26 23:00:00,Annual,Total,Net maximum electrical capacity,Main activity producers,Megawatt,Latvia,2019,2903.819,,
ESTAT:NRG_INF_EPC$DEFAULTVIEW(1.0),08/04/26 23:00:00,Annual,Total,Net maximum electrical capacity,Main activity producers,Megawatt,Latvia,2020,2905.226,,
ESTAT:NRG_INF_EPC$DEFAULTVIEW(1.0),08/04/26 23:00:00,Annual,Total,Net maximum electrical capacity,Main activity producers,Megawatt,Latvia,2021,2901.954,,
ESTAT:NRG_INF_EPC$DEFAULTVIEW(1.0),08/04/26 23:00:00,Annual,Total,Net maximum electrical capacity,Main activity producers,Megawatt,Latvia,2022,2873.551,,
ESTAT:NRG_INF_EPC$DEFAULTVIEW(1.0),08/04/26 23:00:00,Annual,Total,Net maximum electrical capacity,Main activity producers,Megawatt,Latvia,2023,2898.307,,
ESTAT:NRG_INF_EPC$DEFAULTVIEW(1.0),08/04/26 23:00:00,Annual,Total,Net maximum electrical capacity,Main activity producers,Megawatt,Latvia,2024,3132.457,,
ESTAT:NRG_INF_EPC$DEFAULTVIEW(1.0),08/04/26 23:00:00,Annual,Total,Net maximum electrical capacity,Main activity producers,Megawatt,Moldova,2022,437.800,,
ESTAT:NRG_INF_EPC$DEFAULTVIEW(1.0),08/04/26 23:00:00,Annual,Total,Net maximum electrical capacity,Main activity producers,Megawatt,Moldova,2023,489.700,,
ESTAT:NRG_INF_EPC$DEFAULTVIEW(1.0),08/04/26 23:00:00,Annual,Total,Net maximum electrical capacity,Main activity producers,Megawatt,Moldova,2024,622.600,,
ESTAT:NRG_INF_EPC$DEFAULTVIEW(1.0),08/04/26 23:00:00,Annual,Total,Net maximum electrical capacity,Main activity producers,Megawatt,Montenegro,2015,886.923,,
ESTAT:NRG_INF_EPC$DEFAULTVIEW(1.0),08/04/26 23:00:00,Annual,Total,Net maximum electrical capacity,Main activity producers,Megawatt,Montenegro,2016,893.156,,
ESTAT:NRG_INF_EPC$DEFAULTVIEW(1.0),08/04/26 23:00:00,Annual,Total,Net maximum electrical capacity,Main activity producers,Megawatt,Montenegro,2017,971.812,,
ESTAT:NRG_INF_EPC$DEFAULTVIEW(1.0),08/04/26 23:00:00,Annual,Total,Net maximum electrical capacity,Main activity producers,Megawatt,Montenegro,2018,972.607,,
ESTAT:NRG_INF_EPC$DEFAULTVIEW(1.0),08/04/26 23:00:00,Annual,Total,Net maximum electrical capacity,Main activity producers,Megawatt,Montenegro,2019,1019.243,,
ESTAT:NRG_INF_EPC$DEFAULTVIEW(1.0),08/04/26 23:00:00,Annual,Total,Net maximum electrical capacity,Main activity producers,Megawatt,Montenegro,2020,1040.385,,
ESTAT:NRG_INF_EPC$DEFAULTVIEW(1.0),08/04/26 23:00:00,Annual,Total,Net maximum electrical capacity,Main activity producers,Megawatt,Montenegro,2021,1042.255,,
ESTAT:NRG_INF_EPC$DEFAULTVIEW(1.0),08/04/26 23:00:00,Annual,Total,Net maximum electrical capacity,Main activity producers,Megawatt,Montenegro,2022,1042.555,,
ESTAT:NRG_INF_EPC$DEFAULTVIEW(1.0),08/04/26 23:00:00,Annual,Total,Net maximum electrical capacity,Main activity producers,Megawatt,Montenegro,2023,1056.985,,
ESTAT:NRG_INF_EPC$DEFAULTVIEW(1.0),08/04/26 23:00:00,Annual,Total,Net maximum electrical capacity,Main activity producers,Megawatt,Montenegro,2024,1111.700,,
ESTAT:NRG_INF_EPC$DEFAULTVIEW(1.0),08/04/26 23:00:00,Annual,Total,Net maximum electrical capacity,Main activity producers,Megawatt,North Macedonia,2015,1789.500,,
ESTAT:NRG_INF_EPC$DEFAULTVIEW(1.0),08/04/26 23:00:00,Annual,Total,Net maximum electrical capacity,Main activity producers,Megawatt,North Macedonia,2016,1823.631,,
ESTAT:NRG_INF_EPC$DEFAULTVIEW(1.0),08/04/26 23:00:00,Annual,Total,Net maximum electrical capacity,Main activity producers,Megawatt,North Macedonia,2017,1835.204,,
ESTAT:NRG_INF_EPC$DEFAULTVIEW(1.0),08/04/26 23:00:00,Annual,Total,Net maximum electrical capacity,Main activity producers,Megawatt,North Macedonia,2018,1852.499,,
ESTAT:NRG_INF_EPC$DEFAULTVIEW(1.0),08/04/26 23:00:00,Annual,Total,Net maximum electrical capacity,Main activity producers,Megawatt,North Macedonia,2019,1865.390,,
ESTAT:NRG_INF_EPC$DEFAULTVIEW(1.0),08/04/26 23:00:00,Annual,Total,Net maximum electrical capacity,Main activity producers,Megawatt,North Macedonia,2020,1876.120,,
ESTAT:NRG_INF_EPC$DEFAULTVIEW(1.0),08/04/26 23:00:00,Annual,Total,Net maximum electrical capacity,Main activity producers,Megawatt,North Macedonia,2021,2109.600,,
ESTAT:NRG_INF_EPC$DEFAULTVIEW(1.0),08/04/26 23:00:00,Annual,Total,Net maximum electrical capacity,Main activity producers,Megawatt,North Macedonia,2022,2198.797,,
ESTAT:NRG_INF_EPC$DEFAULTVIEW(1.0),08/04/26 23:00:00,Annual,Total,Net maximum electrical capacity,Main activity producers,Megawatt,North Macedonia,2023,2406.330,,
ESTAT:NRG_INF_EPC$DEFAULTVIEW(1.0),08/04/26 23:00:00,Annual,Total,Net maximum electrical capacity,Main activity producers,Megawatt,North Macedonia,2024,2416.747,,
ESTAT:NRG_INF_EPC$DEFAULTVIEW(1.0),08/04/26 23:00:00,Annual,Total,Net maximum electrical capacity,Main activity producers,Megawatt,Malta,2015,590.000,,
ESTAT:NRG_INF_EPC$DEFAULTVIEW(1.0),08/04/26 23:00:00,Annual,Total,Net maximum electrical capacity,Main activity producers,Megawatt,Malta,2016,475.000,,
ESTAT:NRG_INF_EPC$DEFAULTVIEW(1.0),08/04/26 23:00:00,Annual,Total,Net maximum electrical capacity,Main activity producers,Megawatt,Malta,2017,590.000,,
ESTAT:NRG_INF_EPC$DEFAULTVIEW(1.0),08/04/26 23:00:00,Annual,Total,Net maximum electrical capacity,Main activity producers,Megawatt,Malta,2018,590.000,,
ESTAT:NRG_INF_EPC$DEFAULTVIEW(1.0),08/04/26 23:00:00,Annual,Total,Net maximum electrical capacity,Main activity producers,Megawatt,Malta,2019,590.000,,
ESTAT:NRG_INF_EPC$DEFAULTVIEW(1.0),08/04/26 23:00:00,Annual,Total,Net maximum electrical capacity,Main activity producers,Megawatt,Malta,2020,590.000,,
ESTAT:NRG_INF_EPC$DEFAULTVIEW(1.0),08/04/26 23:00:00,Annual,Total,Net maximum electrical capacity,Main activity producers,Megawatt,Malta,2021,590.000,,
ESTAT:NRG_INF_EPC$DEFAULTVIEW(1.0),08/04/26 23:00:00,Annual,Total,Net maximum electrical capacity,Main activity producers,Megawatt,Malta,2022,498.000,,
ESTAT:NRG_INF_EPC$DEFAULTVIEW(1.0),08/04/26 23:00:00,Annual,Total,Net maximum electrical capacity,Main activity producers,Megawatt,Malta,2023,484.000,,
ESTAT:NRG_INF_EPC$DEFAULTVIEW(1.0),08/04/26 23:00:00,Annual,Total,Net maximum electrical capacity,Main activity producers,Megawatt,Malta,2024,610.100,,
ESTAT:NRG_INF_EPC$DEFAULTVIEW(1.0),08/04/26 23:00:00,Annual,Total,Net maximum electrical capacity,Main activity producers,Megawatt,Netherlands,2015,24427.473,,
ESTAT:NRG_INF_EPC$DEFAULTVIEW(1.0),08/04/26 23:00:00,Annual,Total,Net maximum electrical capacity,Main activity producers,Megawatt,Netherlands,2016,25175.903,,
ESTAT:NRG_INF_EPC$DEFAULTVIEW(1.0),08/04/26 23:00:00,Annual,Total,Net maximum electrical capacity,Main activity producers,Megawatt,Netherlands,2017,23588.465,,
ESTAT:NRG_INF_EPC$DEFAULTVIEW(1.0),08/04/26 23:00:00,Annual,Total,Net maximum electrical capacity,Main activity producers,Megawatt,Netherlands,2018,24123.313,,
ESTAT:NRG_INF_EPC$DEFAULTVIEW(1.0),08/04/26 23:00:00,Annual,Total,Net maximum electrical capacity,Main activity producers,Megawatt,Netherlands,2019,23890.588,,
ESTAT:NRG_INF_EPC$DEFAULTVIEW(1.0),08/04/26 23:00:00,Annual,Total,Net maximum electrical capacity,Main activity producers,Megawatt,Netherlands,2020,26538.312,,
ESTAT:NRG_INF_EPC$DEFAULTVIEW(1.0),08/04/26 23:00:00,Annual,Total,Net maximum electrical capacity,Main activity producers,Megawatt,Netherlands,2021,28445.669,,
ESTAT:NRG_INF_EPC$DEFAULTVIEW(1.0),08/04/26 23:00:00,Annual,Total,Net maximum electrical capacity,Main activity producers,Megawatt,Netherlands,2022,30044.224,,
ESTAT:NRG_INF_EPC$DEFAULTVIEW(1.0),08/04/26 23:00:00,Annual,Total,Net maximum electrical capacity,Main activity producers,Megawatt,Netherlands,2023,32875.774,,
ESTAT:NRG_INF_EPC$DEFAULTVIEW(1.0),08/04/26 23:00:00,Annual,Total,Net maximum electrical capacity,Main activity producers,Megawatt,Netherlands,2024,34604.407,,
ESTAT:NRG_INF_EPC$DEFAULTVIEW(1.0),08/04/26 23:00:00,Annual,Total,Net maximum electrical capacity,Main activity producers,Megawatt,Norway,2015,33284.000,,
ESTAT:NRG_INF_EPC$DEFAULTVIEW(1.0),08/04/26 23:00:00,Annual,Total,Net maximum electrical capacity,Main activity producers,Megawatt,Norway,2016,33255.000,,
ESTAT:NRG_INF_EPC$DEFAULTVIEW(1.0),08/04/26 23:00:00,Annual,Total,Net maximum electrical capacity,Main activity producers,Megawatt,Norway,2017,33689.000,,
ESTAT:NRG_INF_EPC$DEFAULTVIEW(1.0),08/04/26 23:00:00,Annual,Total,Net maximum electrical capacity,Main activity producers,Megawatt,Norway,2018,34796.000,,
ESTAT:NRG_INF_EPC$DEFAULTVIEW(1.0),08/04/26 23:00:00,Annual,Total,Net maximum electrical capacity,Main activity producers,Megawatt,Norway,2019,36268.000,,
ESTAT:NRG_INF_EPC$DEFAULTVIEW(1.0),08/04/26 23:00:00,Annual,Total,Net maximum electrical capacity,Main activity producers,Megawatt,Norway,2020,38199.000,,
ESTAT:NRG_INF_EPC$DEFAULTVIEW(1.0),08/04/26 23:00:00,Annual,Total,Net maximum electrical capacity,Main activity producers,Megawatt,Norway,2021,39652.000,,
ESTAT:NRG_INF_EPC$DEFAULTVIEW(1.0),08/04/26 23:00:00,Annual,Total,Net maximum electrical capacity,Main activity producers,Megawatt,Norway,2022,39701.000,,
ESTAT:NRG_INF_EPC$DEFAULTVIEW(1.0),08/04/26 23:00:00,Annual,Total,Net maximum electrical capacity,Main activity producers,Megawatt,Norway,2023,39630.000,,
ESTAT:NRG_INF_EPC$DEFAULTVIEW(1.0),08/04/26 23:00:00,Annual,Total,Net maximum electrical capacity,Main activity producers,Megawatt,Norway,2024,39894.557,,
ESTAT:NRG_INF_EPC$DEFAULTVIEW(1.0),08/04/26 23:00:00,Annual,Total,Net maximum electrical capacity,Main activity producers,Megawatt,Poland,2015,35189.000,,
ESTAT:NRG_INF_EPC$DEFAULTVIEW(1.0),08/04/26 23:00:00,Annual,Total,Net maximum electrical capacity,Main activity producers,Megawatt,Poland,2016,36027.000,,
ESTAT:NRG_INF_EPC$DEFAULTVIEW(1.0),08/04/26 23:00:00,Annual,Total,Net maximum electrical capacity,Main activity producers,Megawatt,Poland,2017,40076.911,,
ESTAT:NRG_INF_EPC$DEFAULTVIEW(1.0),08/04/26 23:00:00,Annual,Total,Net maximum electrical capacity,Main activity producers,Megawatt,Poland,2018,39376.810,,
ESTAT:NRG_INF_EPC$DEFAULTVIEW(1.0),08/04/26 23:00:00,Annual,Total,Net maximum electrical capacity,Main activity producers,Megawatt,Poland,2019,38760.473,,
ESTAT:NRG_INF_EPC$DEFAULTVIEW(1.0),08/04/26 23:00:00,Annual,Total,Net maximum electrical capacity,Main activity producers,Megawatt,Poland,2020,42335.578,,
ESTAT:NRG_INF_EPC$DEFAULTVIEW(1.0),08/04/26 23:00:00,Annual,Total,Net maximum electrical capacity,Main activity producers,Megawatt,Poland,2021,42301.601,,
ESTAT:NRG_INF_EPC$DEFAULTVIEW(1.0),08/04/26 23:00:00,Annual,Total,Net maximum electrical capacity,Main activity producers,Megawatt,Poland,2022,40665.761,,
ESTAT:NRG_INF_EPC$DEFAULTVIEW(1.0),08/04/26 23:00:00,Annual,Total,Net maximum electrical capacity,Main activity producers,Megawatt,Poland,2023,42589.407,,
ESTAT:NRG_INF_EPC$DEFAULTVIEW(1.0),08/04/26 23:00:00,Annual,Total,Net maximum electrical capacity,Main activity producers,Megawatt,Poland,2024,46178.325,,
ESTAT:NRG_INF_EPC$DEFAULTVIEW(1.0),08/04/26 23:00:00,Annual,Total,Net maximum electrical capacity,Main activity producers,Megawatt,Portugal,2015,17575.358,,
ESTAT:NRG_INF_EPC$DEFAULTVIEW(1.0),08/04/26 23:00:00,Annual,Total,Net maximum electrical capacity,Main activity producers,Megawatt,Portugal,2016,18569.589,,
ESTAT:NRG_INF_EPC$DEFAULTVIEW(1.0),08/04/26 23:00:00,Annual,Total,Net maximum electrical capacity,Main activity producers,Megawatt,Portugal,2017,18849.387,,
ESTAT:NRG_INF_EPC$DEFAULTVIEW(1.0),08/04/26 23:00:00,Annual,Total,Net maximum electrical capacity,Main activity producers,Megawatt,Portugal,2018,18949.500,,
ESTAT:NRG_INF_EPC$DEFAULTVIEW(1.0),08/04/26 23:00:00,Annual,Total,Net maximum electrical capacity,Main activity producers,Megawatt,Portugal,2019,19165.885,,
ESTAT:NRG_INF_EPC$DEFAULTVIEW(1.0),08/04/26 23:00:00,Annual,Total,Net maximum electrical capacity,Main activity producers,Megawatt,Portugal,2020,19155.522,,
ESTAT:NRG_INF_EPC$DEFAULTVIEW(1.0),08/04/26 23:00:00,Annual,Total,Net maximum electrical capacity,Main activity producers,Megawatt,Portugal,2021,18714.074,,
ESTAT:NRG_INF_EPC$DEFAULTVIEW(1.0),08/04/26 23:00:00,Annual,Total,Net maximum electrical capacity,Main activity producers,Megawatt,Portugal,2022,19656.291,,
ESTAT:NRG_INF_EPC$DEFAULTVIEW(1.0),08/04/26 23:00:00,Annual,Total,Net maximum electrical capacity,Main activity producers,Megawatt,Portugal,2023,20182.830,,
ESTAT:NRG_INF_EPC$DEFAULTVIEW(1.0),08/04/26 23:00:00,Annual,Total,Net maximum electrical capacity,Main activity producers,Megawatt,Portugal,2024,21807.536,,
ESTAT:NRG_INF_EPC$DEFAULTVIEW(1.0),08/04/26 23:00:00,Annual,Total,Net maximum electrical capacity,Main activity producers,Megawatt,Romania,2015,19609.000,,
ESTAT:NRG_INF_EPC$DEFAULTVIEW(1.0),08/04/26 23:00:00,Annual,Total,Net maximum electrical capacity,Main activity producers,Megawatt,Romania,2016,19498.000,,
ESTAT:NRG_INF_EPC$DEFAULTVIEW(1.0),08/04/26 23:00:00,Annual,Total,Net maximum electrical capacity,Main activity producers,Megawatt,Romania,2017,19536.218,,
ESTAT:NRG_INF_EPC$DEFAULTVIEW(1.0),08/04/26 23:00:00,Annual,Total,Net maximum electrical capacity,Main activity producers,Megawatt,Romania,2018,19538.842,,
ESTAT:NRG_INF_EPC$DEFAULTVIEW(1.0),08/04/26 23:00:00,Annual,Total,Net maximum electrical capacity,Main activity producers,Megawatt,Romania,2019,17607.939,,
ESTAT:NRG_INF_EPC$DEFAULTVIEW(1.0),08/04/26 23:00:00,Annual,Total,Net maximum electrical capacity,Main activity producers,Megawatt,Romania,2020,17025.008,,
ESTAT:NRG_INF_EPC$DEFAULTVIEW(1.0),08/04/26 23:00:00,Annual,Total,Net maximum electrical capacity,Main activity producers,Megawatt,Romania,2021,15049.474,,
ESTAT:NRG_INF_EPC$DEFAULTVIEW(1.0),08/04/26 23:00:00,Annual,Total,Net maximum electrical capacity,Main activity producers,Megawatt,Romania,2022,16788.598,,
ESTAT:NRG_INF_EPC$DEFAULTVIEW(1.0),08/04/26 23:00:00,Annual,Total,Net maximum electrical capacity,Main activity producers,Megawatt,Romania,2023,16321.731,,
ESTAT:NRG_INF_EPC$DEFAULTVIEW(1.0),08/04/26 23:00:00,Annual,Total,Net maximum electrical capacity,Main activity producers,Megawatt,Romania,2024,16257.682,,
ESTAT:NRG_INF_EPC$DEFAULTVIEW(1.0),08/04/26 23:00:00,Annual,Total,Net maximum electrical capacity,Main activity producers,Megawatt,Serbia,2015,7281.000,,
ESTAT:NRG_INF_EPC$DEFAULTVIEW(1.0),08/04/26 23:00:00,Annual,Total,Net maximum electrical capacity,Main activity producers,Megawatt,Serbia,2016,7281.000,,
ESTAT:NRG_INF_EPC$DEFAULTVIEW(1.0),08/04/26 23:00:00,Annual,Total,Net maximum electrical capacity,Main activity producers,Megawatt,Serbia,2017,7296.000,,
ESTAT:NRG_INF_EPC$DEFAULTVIEW(1.0),08/04/26 23:00:00,Annual,Total,Net maximum electrical capacity,Main activity producers,Megawatt,Serbia,2018,7514.000,,
ESTAT:NRG_INF_EPC$DEFAULTVIEW(1.0),08/04/26 23:00:00,Annual,Total,Net maximum electrical capacity,Main activity producers,Megawatt,Serbia,2019,7826.533,,
ESTAT:NRG_INF_EPC$DEFAULTVIEW(1.0),08/04/26 23:00:00,Annual,Total,Net maximum electrical capacity,Main activity producers,Megawatt,Serbia,2020,7839.341,,
ESTAT:NRG_INF_EPC$DEFAULTVIEW(1.0),08/04/26 23:00:00,Annual,Total,Net maximum electrical capacity,Main activity producers,Megawatt,Serbia,2021,7852.645,,
ESTAT:NRG_INF_EPC$DEFAULTVIEW(1.0),08/04/26 23:00:00,Annual,Total,Net maximum electrical capacity,Main activity producers,Megawatt,Serbia,2022,8065.187,,
ESTAT:NRG_INF_EPC$DEFAULTVIEW(1.0),08/04/26 23:00:00,Annual,Total,Net maximum electrical capacity,Main activity producers,Megawatt,Serbia,2023,8223.765,,
ESTAT:NRG_INF_EPC$DEFAULTVIEW(1.0),08/04/26 23:00:00,Annual,Total,Net maximum electrical capacity,Main activity producers,Megawatt,Serbia,2024,8677.819,,
ESTAT:NRG_INF_EPC$DEFAULTVIEW(1.0),08/04/26 23:00:00,Annual,Total,Net maximum electrical capacity,Main activity producers,Megawatt,Sweden,2015,39683.000,,
ESTAT:NRG_INF_EPC$DEFAULTVIEW(1.0),08/04/26 23:00:00,Annual,Total,Net maximum electrical capacity,Main activity producers,Megawatt,Sweden,2016,40305.000,,
ESTAT:NRG_INF_EPC$DEFAULTVIEW(1.0),08/04/26 23:00:00,Annual,Total,Net maximum electrical capacity,Main activity producers,Megawatt,Sweden,2017,38513.000,,
ESTAT:NRG_INF_EPC$DEFAULTVIEW(1.0),08/04/26 23:00:00,Annual,Total,Net maximum electrical capacity,Main activity producers,Megawatt,Sweden,2018,39775.000,,
ESTAT:NRG_INF_EPC$DEFAULTVIEW(1.0),08/04/26 23:00:00,Annual,Total,Net maximum electrical capacity,Main activity producers,Megawatt,Sweden,2019,41413.000,,
ESTAT:NRG_INF_EPC$DEFAULTVIEW(1.0),08/04/26 23:00:00,Annual,Total,Net maximum electrical capacity,Main activity producers,Megawatt,Sweden,2020,42286.000,,
ESTAT:NRG_INF_EPC$DEFAULTVIEW(1.0),08/04/26 23:00:00,Annual,Total,Net maximum electrical capacity,Main activity producers,Megawatt,Sweden,2021,43293.000,,
ESTAT:NRG_INF_EPC$DEFAULTVIEW(1.0),08/04/26 23:00:00,Annual,Total,Net maximum electrical capacity,Main activity producers,Megawatt,Sweden,2022,44966.000,,
ESTAT:NRG_INF_EPC$DEFAULTVIEW(1.0),08/04/26 23:00:00,Annual,Total,Net maximum electrical capacity,Main activity producers,Megawatt,Sweden,2023,47863.000,,
ESTAT:NRG_INF_EPC$DEFAULTVIEW(1.0),08/04/26 23:00:00,Annual,Total,Net maximum electrical capacity,Main activity producers,Megawatt,Sweden,2024,49772.000,,
ESTAT:NRG_INF_EPC$DEFAULTVIEW(1.0),08/04/26 23:00:00,Annual,Total,Net maximum electrical capacity,Main activity producers,Megawatt,Slovenia,2015,2963.000,,
ESTAT:NRG_INF_EPC$DEFAULTVIEW(1.0),08/04/26 23:00:00,Annual,Total,Net maximum electrical capacity,Main activity producers,Megawatt,Slovenia,2016,3146.000,,
ESTAT:NRG_INF_EPC$DEFAULTVIEW(1.0),08/04/26 23:00:00,Annual,Total,Net maximum electrical capacity,Main activity producers,Megawatt,Slovenia,2017,3214.770,,
ESTAT:NRG_INF_EPC$DEFAULTVIEW(1.0),08/04/26 23:00:00,Annual,Total,Net maximum electrical capacity,Main activity producers,Megawatt,Slovenia,2018,3393.264,,
ESTAT:NRG_INF_EPC$DEFAULTVIEW(1.0),08/04/26 23:00:00,Annual,Total,Net maximum electrical capacity,Main activity producers,Megawatt,Slovenia,2019,3396.546,,
ESTAT:NRG_INF_EPC$DEFAULTVIEW(1.0),08/04/26 23:00:00,Annual,Total,Net maximum electrical capacity,Main activity producers,Megawatt,Slovenia,2020,3400.105,,
ESTAT:NRG_INF_EPC$DEFAULTVIEW(1.0),08/04/26 23:00:00,Annual,Total,Net maximum electrical capacity,Main activity producers,Megawatt,Slovenia,2021,3461.609,,
ESTAT:NRG_INF_EPC$DEFAULTVIEW(1.0),08/04/26 23:00:00,Annual,Total,Net maximum electrical capacity,Main activity producers,Megawatt,Slovenia,2022,3475.455,,
ESTAT:NRG_INF_EPC$DEFAULTVIEW(1.0),08/04/26 23:00:00,Annual,Total,Net maximum electrical capacity,Main activity producers,Megawatt,Slovenia,2023,3598.365,,
ESTAT:NRG_INF_EPC$DEFAULTVIEW(1.0),08/04/26 23:00:00,Annual,Total,Net maximum electrical capacity,Main activity producers,Megawatt,Slovenia,2024,3640.744,,
ESTAT:NRG_INF_EPC$DEFAULTVIEW(1.0),08/04/26 23:00:00,Annual,Total,Net maximum electrical capacity,Main activity producers,Megawatt,Slovakia,2015,6658.000,,
ESTAT:NRG_INF_EPC$DEFAULTVIEW(1.0),08/04/26 23:00:00,Annual,Total,Net maximum electrical capacity,Main activity producers,Megawatt,Slovakia,2016,6643.000,,
ESTAT:NRG_INF_EPC$DEFAULTVIEW(1.0),08/04/26 23:00:00,Annual,Total,Net maximum electrical capacity,Main activity producers,Megawatt,Slovakia,2017,6595.000,,
ESTAT:NRG_INF_EPC$DEFAULTVIEW(1.0),08/04/26 23:00:00,Annual,Total,Net maximum electrical capacity,Main activity producers,Megawatt,Slovakia,2018,6518.000,,
ESTAT:NRG_INF_EPC$DEFAULTVIEW(1.0),08/04/26 23:00:00,Annual,Total,Net maximum electrical capacity,Main activity producers,Megawatt,Slovakia,2019,6523.000,,
ESTAT:NRG_INF_EPC$DEFAULTVIEW(1.0),08/04/26 23:00:00,Annual,Total,Net maximum electrical capacity,Main activity producers,Megawatt,Slovakia,2020,6557.000,,
ESTAT:NRG_INF_EPC$DEFAULTVIEW(1.0),08/04/26 23:00:00,Annual,Total,Net maximum electrical capacity,Main activity producers,Megawatt,Slovakia,2021,6354.000,,
ESTAT:NRG_INF_EPC$DEFAULTVIEW(1.0),08/04/26 23:00:00,Annual,Total,Net maximum electrical capacity,Main activity producers,Megawatt,Slovakia,2022,6327.000,,
ESTAT:NRG_INF_EPC$DEFAULTVIEW(1.0),08/04/26 23:00:00,Annual,Total,Net maximum electrical capacity,Main activity producers,Megawatt,Slovakia,2023,6329.000,,
ESTAT:NRG_INF_EPC$DEFAULTVIEW(1.0),08/04/26 23:00:00,Annual,Total,Net maximum electrical capacity,Main activity producers,Megawatt,Slovakia,2024,6800.000,,
ESTAT:NRG_INF_EPC$DEFAULTVIEW(1.0),08/04/26 23:00:00,Annual,Total,Net maximum electrical capacity,Main activity producers,Megawatt,Türkiye,2015,68694.000,,
ESTAT:NRG_INF_EPC$DEFAULTVIEW(1.0),08/04/26 23:00:00,Annual,Total,Net maximum electrical capacity,Main activity producers,Megawatt,Türkiye,2016,73220.000,,
ESTAT:NRG_INF_EPC$DEFAULTVIEW(1.0),08/04/26 23:00:00,Annual,Total,Net maximum electrical capacity,Main activity producers,Megawatt,Türkiye,2017,79010.546,,
ESTAT:NRG_INF_EPC$DEFAULTVIEW(1.0),08/04/26 23:00:00,Annual,Total,Net maximum electrical capacity,Main activity producers,Megawatt,Türkiye,2018,82113.442,,
ESTAT:NRG_INF_EPC$DEFAULTVIEW(1.0),08/04/26 23:00:00,Annual,Total,Net maximum electrical capacity,Main activity producers,Megawatt,Türkiye,2019,83678.908,,
ESTAT:NRG_INF_EPC$DEFAULTVIEW(1.0),08/04/26 23:00:00,Annual,Total,Net maximum electrical capacity,Main activity producers,Megawatt,Türkiye,2020,87816.620,,
ESTAT:NRG_INF_EPC$DEFAULTVIEW(1.0),08/04/26 23:00:00,Annual,Total,Net maximum electrical capacity,Main activity producers,Megawatt,Türkiye,2021,91663.773,,
ESTAT:NRG_INF_EPC$DEFAULTVIEW(1.0),08/04/26 23:00:00,Annual,Total,Net maximum electrical capacity,Main activity producers,Megawatt,Türkiye,2022,94641.941,,
ESTAT:NRG_INF_EPC$DEFAULTVIEW(1.0),08/04/26 23:00:00,Annual,Total,Net maximum electrical capacity,Main activity producers,Megawatt,Türkiye,2023,96004.693,,
ESTAT:NRG_INF_EPC$DEFAULTVIEW(1.0),08/04/26 23:00:00,Annual,Total,Net maximum electrical capacity,Main activity producers,Megawatt,Türkiye,2024,98020.409,,
ESTAT:NRG_INF_EPC$DEFAULTVIEW(1.0),08/04/26 23:00:00,Annual,Total,Net maximum electrical capacity,Main activity producers,Megawatt,Kosovo*,2023,1491.290,,
ESTAT:NRG_INF_EPC$DEFAULTVIEW(1.0),08/04/26 23:00:00,Annual,Total,Net maximum electrical capacity,Total,Megawatt,Albania,2024,3483.570,,
ESTAT:NRG_INF_EPC$DEFAULTVIEW(1.0),08/04/26 23:00:00,Annual,Total,Net maximum electrical capacity,Total,Megawatt,Austria,2020,26349.723,,
ESTAT:NRG_INF_EPC$DEFAULTVIEW(1.0),08/04/26 23:00:00,Annual,Total,Net maximum electrical capacity,Total,Megawatt,Austria,2021,28120.560,,
ESTAT:NRG_INF_EPC$DEFAULTVIEW(1.0),08/04/26 23:00:00,Annual,Total,Net maximum electrical capacity,Total,Megawatt,Austria,2022,28515.430,,
ESTAT:NRG_INF_EPC$DEFAULTVIEW(1.0),08/04/26 23:00:00,Annual,Total,Net maximum electrical capacity,Total,Megawatt,Austria,2023,32098.371,,
ESTAT:NRG_INF_EPC$DEFAULTVIEW(1.0),08/04/26 23:00:00,Annual,Total,Net maximum electrical capacity,Total,Megawatt,Austria,2024,33007.783,,
ESTAT:NRG_INF_EPC$DEFAULTVIEW(1.0),08/04/26 23:00:00,Annual,Total,Net maximum electrical capacity,Total,Megawatt,Bosnia and Herzegovina,2024,5170.070,,
ESTAT:NRG_INF_EPC$DEFAULTVIEW(1.0),08/04/26 23:00:00,Annual,Total,Net maximum electrical capacity,Total,Megawatt,Belgium,2021,26225.900,,
ESTAT:NRG_INF_EPC$DEFAULTVIEW(1.0),08/04/26 23:00:00,Annual,Total,Net maximum electrical capacity,Total,Megawatt,Belgium,2022,26737.400,,
ESTAT:NRG_INF_EPC$DEFAULTVIEW(1.0),08/04/26 23:00:00,Annual,Total,Net maximum electrical capacity,Total,Megawatt,Belgium,2023,27285.200,,
ESTAT:NRG_INF_EPC$DEFAULTVIEW(1.0),08/04/26 23:00:00,Annual,Total,Net maximum electrical capacity,Total,Megawatt,Belgium,2024,28702.300,,
ESTAT:NRG_INF_EPC$DEFAULTVIEW(1.0),08/04/26 23:00:00,Annual,Total,Net maximum electrical capacity,Total,Megawatt,Bulgaria,2019,11229.091,,
ESTAT:NRG_INF_EPC$DEFAULTVIEW(1.0),08/04/26 23:00:00,Annual,Total,Net maximum electrical capacity,Total,Megawatt,Bulgaria,2020,10991.923,,
ESTAT:NRG_INF_EPC$DEFAULTVIEW(1.0),08/04/26 23:00:00,Annual,Total,Net maximum electrical capacity,Total,Megawatt,Bulgaria,2021,11208.307,,
ESTAT:NRG_INF_EPC$DEFAULTVIEW(1.0),08/04/26 23:00:00,Annual,Total,Net maximum electrical capacity,Total,Megawatt,Bulgaria,2022,13288.618,,
ESTAT:NRG_INF_EPC$DEFAULTVIEW(1.0),08/04/26 23:00:00,Annual,Total,Net maximum electrical capacity,Total,Megawatt,Bulgaria,2023,14547.513,,
ESTAT:NRG_INF_EPC$DEFAULTVIEW(1.0),08/04/26 23:00:00,Annual,Total,Net maximum electrical capacity,Total,Megawatt,Bulgaria,2024,16160.578,,
ESTAT:NRG_INF_EPC$DEFAULTVIEW(1.0),08/04/26 23:00:00,Annual,Total,Net maximum electrical capacity,Total,Megawatt,Cyprus,2024,2419.670,,
ESTAT:NRG_INF_EPC$DEFAULTVIEW(1.0),08/04/26 23:00:00,Annual,Total,Net maximum electrical capacity,Total,Megawatt,Czechia,2021,20965.295,,
ESTAT:NRG_INF_EPC$DEFAULTVIEW(1.0),08/04/26 23:00:00,Annual,Total,Net maximum electrical capacity,Total,Megawatt,Czechia,2022,21118.534,,
ESTAT:NRG_INF_EPC$DEFAULTVIEW(1.0),08/04/26 23:00:00,Annual,Total,Net maximum electrical capacity,Total,Megawatt,Czechia,2023,22087.098,,
ESTAT:NRG_INF_EPC$DEFAULTVIEW(1.0),08/04/26 23:00:00,Annual,Total,Net maximum electrical capacity,Total,Megawatt,Czechia,2024,23022.139,,
ESTAT:NRG_INF_EPC$DEFAULTVIEW(1.0),08/04/26 23:00:00,Annual,Total,Net maximum electrical capacity,Total,Megawatt,Germany,2023,261946.000,,
ESTAT:NRG_INF_EPC$DEFAULTVIEW(1.0),08/04/26 23:00:00,Annual,Total,Net maximum electrical capacity,Total,Megawatt,Germany,2024,266344.000,,
ESTAT:NRG_INF_EPC$DEFAULTVIEW(1.0),08/04/26 23:00:00,Annual,Total,Net maximum electrical capacity,Total,Megawatt,Denmark,2022,17698.371,,
ESTAT:NRG_INF_EPC$DEFAULTVIEW(1.0),08/04/26 23:00:00,Annual,Total,Net maximum electrical capacity,Total,Megawatt,Denmark,2023,18343.447,,
ESTAT:NRG_INF_EPC$DEFAULTVIEW(1.0),08/04/26 23:00:00,Annual,Total,Net maximum electrical capacity,Total,Megawatt,Denmark,2024,18902.492,,
ESTAT:NRG_INF_EPC$DEFAULTVIEW(1.0),08/04/26 23:00:00,Annual,Total,Net maximum electrical capacity,Total,Megawatt,Euro area – 20 countries (2023-2025),2015,146925.193,,
ESTAT:NRG_INF_EPC$DEFAULTVIEW(1.0),08/04/26 23:00:00,Annual,Total,Net maximum electrical capacity,Total,Megawatt,Euro area – 20 countries (2023-2025),2016,148109.674,,
ESTAT:NRG_INF_EPC$DEFAULTVIEW(1.0),08/04/26 23:00:00,Annual,Total,Net maximum electrical capacity,Total,Megawatt,Euro area – 20 countries (2023-2025),2017,147650.634,,
ESTAT:NRG_INF_EPC$DEFAULTVIEW(1.0),08/04/26 23:00:00,Annual,Total,Net maximum electrical capacity,Total,Megawatt,Euro area – 20 countries (2023-2025),2018,149530.346,,
ESTAT:NRG_INF_EPC$DEFAULTVIEW(1.0),08/04/26 23:00:00,Annual,Total,Net maximum electrical capacity,Total,Megawatt,Euro area – 20 countries (2023-2025),2019,152085.157,,
ESTAT:NRG_INF_EPC$DEFAULTVIEW(1.0),08/04/26 23:00:00,Annual,Total,Net maximum electrical capacity,Total,Megawatt,Euro area – 20 countries (2023-2025),2020,179190.545,,
ESTAT:NRG_INF_EPC$DEFAULTVIEW(1.0),08/04/26 23:00:00,Annual,Total,Net maximum electrical capacity,Total,Megawatt,Euro area – 20 countries (2023-2025),2021,211890.587,,
ESTAT:NRG_INF_EPC$DEFAULTVIEW(1.0),08/04/26 23:00:00,Annual,Total,Net maximum electrical capacity,Total,Megawatt,Euro area – 20 countries (2023-2025),2022,303272.523,,
ESTAT:NRG_INF_EPC$DEFAULTVIEW(1.0),08/04/26 23:00:00,Annual,Total,Net maximum electrical capacity,Total,Megawatt,Euro area – 20 countries (2023-2025),2023,584740.385,,
ESTAT:NRG_INF_EPC$DEFAULTVIEW(1.0),08/04/26 23:00:00,Annual,Total,Net maximum electrical capacity,Total,Megawatt,Euro area – 20 countries (2023-2025),2024,929428.070,,
ESTAT:NRG_INF_EPC$DEFAULTVIEW(1.0),08/04/26 23:00:00,Annual,Total,Net maximum electrical capacity,Total,Megawatt,Euro area – 21 countries (from 2026),2015,146925.193,,
ESTAT:NRG_INF_EPC$DEFAULTVIEW(1.0),08/04/26 23:00:00,Annual,Total,Net maximum electrical capacity,Total,Megawatt,Euro area – 21 countries (from 2026),2016,148109.674,,
ESTAT:NRG_INF_EPC$DEFAULTVIEW(1.0),08/04/26 23:00:00,Annual,Total,Net maximum electrical capacity,Total,Megawatt,Euro area – 21 countries (from 2026),2017,147650.634,,
ESTAT:NRG_INF_EPC$DEFAULTVIEW(1.0),08/04/26 23:00:00,Annual,Total,Net maximum electrical capacity,Total,Megawatt,Euro area – 21 countries (from 2026),2018,149530.346,,
ESTAT:NRG_INF_EPC$DEFAULTVIEW(1.0),08/04/26 23:00:00,Annual,Total,Net maximum electrical capacity,Total,Megawatt,Euro area – 21 countries (from 2026),2019,163314.248,,
ESTAT:NRG_INF_EPC$DEFAULTVIEW(1.0),08/04/26 23:00:00,Annual,Total,Net maximum electrical capacity,Total,Megawatt,Euro area – 21 countries (from 2026),2020,190182.468,,
ESTAT:NRG_INF_EPC$DEFAULTVIEW(1.0),08/04/26 23:00:00,Annual,Total,Net maximum electrical capacity,Total,Megawatt,Euro area – 21 countries (from 2026),2021,223098.894,,
ESTAT:NRG_INF_EPC$DEFAULTVIEW(1.0),08/04/26 23:00:00,Annual,Total,Net maximum electrical capacity,Total,Megawatt,Euro area – 21 countries (from 2026),2022,316561.141,,
ESTAT:NRG_INF_EPC$DEFAULTVIEW(1.0),08/04/26 23:00:00,Annual,Total,Net maximum electrical capacity,Total,Megawatt,Euro area – 21 countries (from 2026),2023,599287.898,,
ESTAT:NRG_INF_EPC$DEFAULTVIEW(1.0),08/04/26 23:00:00,Annual,Total,Net maximum electrical capacity,Total,Megawatt,Euro area – 21 countries (from 2026),2024,945616.648,,
ESTAT:NRG_INF_EPC$DEFAULTVIEW(1.0),08/04/26 23:00:00,Annual,Total,Net maximum electrical capacity,Total,Megawatt,Estonia,2024,3425.359,,
ESTAT:NRG_INF_EPC$DEFAULTVIEW(1.0),08/04/26 23:00:00,Annual,Total,Net maximum electrical capacity,Total,Megawatt,Greece,2024,28715.727,,
ESTAT:NRG_INF_EPC$DEFAULTVIEW(1.0),08/04/26 23:00:00,Annual,Total,Net maximum electrical capacity,Total,Megawatt,Spain,2024,135952.397,,
ESTAT:NRG_INF_EPC$DEFAULTVIEW(1.0),08/04/26 23:00:00,Annual,Total,Net maximum electrical capacity,Total,Megawatt,European Union - 27 countries (from 2020),2015,208075.698,,
ESTAT:NRG_INF_EPC$DEFAULTVIEW(1.0),08/04/26 23:00:00,Annual,Total,Net maximum electrical capacity,Total,Megawatt,European Union - 27 countries (from 2020),2016,209784.110,,
ESTAT:NRG_INF_EPC$DEFAULTVIEW(1.0),08/04/26 23:00:00,Annual,Total,Net maximum electrical capacity,Total,Megawatt,European Union - 27 countries (from 2020),2017,214057.785,,
ESTAT:NRG_INF_EPC$DEFAULTVIEW(1.0),08/04/26 23:00:00,Annual,Total,Net maximum electrical capacity,Total,Megawatt,European Union - 27 countries (from 2020),2018,216093.137,,
ESTAT:NRG_INF_EPC$DEFAULTVIEW(1.0),08/04/26 23:00:00,Annual,Total,Net maximum electrical capacity,Total,Megawatt,European Union - 27 countries (from 2020),2019,227542.412,,
ESTAT:NRG_INF_EPC$DEFAULTVIEW(1.0),08/04/26 23:00:00,Annual,Total,Net maximum electrical capacity,Total,Megawatt,European Union - 27 countries (from 2020),2020,259836.636,,
ESTAT:NRG_INF_EPC$DEFAULTVIEW(1.0),08/04/26 23:00:00,Annual,Total,Net maximum electrical capacity,Total,Megawatt,European Union - 27 countries (from 2020),2021,315098.967,,
ESTAT:NRG_INF_EPC$DEFAULTVIEW(1.0),08/04/26 23:00:00,Annual,Total,Net maximum electrical capacity,Total,Megawatt,European Union - 27 countries (from 2020),2022,410418.998,,
ESTAT:NRG_INF_EPC$DEFAULTVIEW(1.0),08/04/26 23:00:00,Annual,Total,Net maximum electrical capacity,Total,Megawatt,European Union - 27 countries (from 2020),2023,713193.272,,
ESTAT:NRG_INF_EPC$DEFAULTVIEW(1.0),08/04/26 23:00:00,Annual,Total,Net maximum electrical capacity,Total,Megawatt,European Union - 27 countries (from 2020),2024,1145610.029,,
ESTAT:NRG_INF_EPC$DEFAULTVIEW(1.0),08/04/26 23:00:00,Annual,Total,Net maximum electrical capacity,Total,Megawatt,Finland,2022,20615.000,,
ESTAT:NRG_INF_EPC$DEFAULTVIEW(1.0),08/04/26 23:00:00,Annual,Total,Net maximum electrical capacity,Total,Megawatt,Finland,2023,23603.000,,
ESTAT:NRG_INF_EPC$DEFAULTVIEW(1.0),08/04/26 23:00:00,Annual,Total,Net maximum electrical capacity,Total,Megawatt,Finland,2024,24746.000,,
ESTAT:NRG_INF_EPC$DEFAULTVIEW(1.0),08/04/26 23:00:00,Annual,Total,Net maximum electrical capacity,Total,Megawatt,France,2015,132539.476,,
ESTAT:NRG_INF_EPC$DEFAULTVIEW(1.0),08/04/26 23:00:00,Annual,Total,Net maximum electrical capacity,Total,Megawatt,France,2016,133302.136,,
ESTAT:NRG_INF_EPC$DEFAULTVIEW(1.0),08/04/26 23:00:00,Annual,Total,Net maximum electrical capacity,Total,Megawatt,France,2017,132149.965,,
ESTAT:NRG_INF_EPC$DEFAULTVIEW(1.0),08/04/26 23:00:00,Annual,Total,Net maximum electrical capacity,Total,Megawatt,France,2018,133631.262,,
ESTAT:NRG_INF_EPC$DEFAULTVIEW(1.0),08/04/26 23:00:00,Annual,Total,Net maximum electrical capacity,Total,Megawatt,France,2019,136357.370,,
ESTAT:NRG_INF_EPC$DEFAULTVIEW(1.0),08/04/26 23:00:00,Annual,Total,Net maximum electrical capacity,Total,Megawatt,France,2020,137056.597,,
ESTAT:NRG_INF_EPC$DEFAULTVIEW(1.0),08/04/26 23:00:00,Annual,Total,Net maximum electrical capacity,Total,Megawatt,France,2021,141434.191,,
ESTAT:NRG_INF_EPC$DEFAULTVIEW(1.0),08/04/26 23:00:00,Annual,Total,Net maximum electrical capacity,Total,Megawatt,France,2022,147992.704,,
ESTAT:NRG_INF_EPC$DEFAULTVIEW(1.0),08/04/26 23:00:00,Annual,Total,Net maximum electrical capacity,Total,Megawatt,France,2023,152839.127,,
ESTAT:NRG_INF_EPC$DEFAULTVIEW(1.0),08/04/26 23:00:00,Annual,Total,Net maximum electrical capacity,Total,Megawatt,France,2024,134217.092,,
ESTAT:NRG_INF_EPC$DEFAULTVIEW(1.0),08/04/26 23:00:00,Annual,Total,Net maximum electrical capacity,Total,Megawatt,Georgia,2024,4240.122,,
ESTAT:NRG_INF_EPC$DEFAULTVIEW(1.0),08/04/26 23:00:00,Annual,Total,Net maximum electrical capacity,Total,Megawatt,Croatia,2015,4719.800,,
ESTAT:NRG_INF_EPC$DEFAULTVIEW(1.0),08/04/26 23:00:00,Annual,Total,Net maximum electrical capacity,Total,Megawatt,Croatia,2016,4791.800,,
ESTAT:NRG_INF_EPC$DEFAULTVIEW(1.0),08/04/26 23:00:00,Annual,Total,Net maximum electrical capacity,Total,Megawatt,Croatia,2017,4910.200,,
ESTAT:NRG_INF_EPC$DEFAULTVIEW(1.0),08/04/26 23:00:00,Annual,Total,Net maximum electrical capacity,Total,Megawatt,Croatia,2018,4937.800,,
ESTAT:NRG_INF_EPC$DEFAULTVIEW(1.0),08/04/26 23:00:00,Annual,Total,Net maximum electrical capacity,Total,Megawatt,Croatia,2019,4627.000,,
ESTAT:NRG_INF_EPC$DEFAULTVIEW(1.0),08/04/26 23:00:00,Annual,Total,Net maximum electrical capacity,Total,Megawatt,Croatia,2020,4553.400,,
ESTAT:NRG_INF_EPC$DEFAULTVIEW(1.0),08/04/26 23:00:00,Annual,Total,Net maximum electrical capacity,Total,Megawatt,Croatia,2021,4734.600,,
ESTAT:NRG_INF_EPC$DEFAULTVIEW(1.0),08/04/26 23:00:00,Annual,Total,Net maximum electrical capacity,Total,Megawatt,Croatia,2022,4974.200,,
ESTAT:NRG_INF_EPC$DEFAULTVIEW(1.0),08/04/26 23:00:00,Annual,Total,Net maximum electrical capacity,Total,Megawatt,Croatia,2023,5370.700,,
ESTAT:NRG_INF_EPC$DEFAULTVIEW(1.0),08/04/26 23:00:00,Annual,Total,Net maximum electrical capacity,Total,Megawatt,Croatia,2024,5676.000,,
ESTAT:NRG_INF_EPC$DEFAULTVIEW(1.0),08/04/26 23:00:00,Annual,Total,Net maximum electrical capacity,Total,Megawatt,Hungary,2023,13560.300,,
ESTAT:NRG_INF_EPC$DEFAULTVIEW(1.0),08/04/26 23:00:00,Annual,Total,Net maximum electrical capacity,Total,Megawatt,Hungary,2024,14675.700,,
ESTAT:NRG_INF_EPC$DEFAULTVIEW(1.0),08/04/26 23:00:00,Annual,Total,Net maximum electrical capacity,Total,Megawatt,Ireland,2015,9665.917,,
ESTAT:NRG_INF_EPC$DEFAULTVIEW(1.0),08/04/26 23:00:00,Annual,Total,Net maximum electrical capacity,Total,Megawatt,Ireland,2016,10015.738,,
ESTAT:NRG_INF_EPC$DEFAULTVIEW(1.0),08/04/26 23:00:00,Annual,Total,Net maximum electrical capacity,Total,Megawatt,Ireland,2017,10590.469,,
ESTAT:NRG_INF_EPC$DEFAULTVIEW(1.0),08/04/26 23:00:00,Annual,Total,Net maximum electrical capacity,Total,Megawatt,Ireland,2018,10961.284,,
ESTAT:NRG_INF_EPC$DEFAULTVIEW(1.0),08/04/26 23:00:00,Annual,Total,Net maximum electrical capacity,Total,Megawatt,Ireland,2019,11100.787,,
ESTAT:NRG_INF_EPC$DEFAULTVIEW(1.0),08/04/26 23:00:00,Annual,Total,Net maximum electrical capacity,Total,Megawatt,Ireland,2020,11230.825,,
ESTAT:NRG_INF_EPC$DEFAULTVIEW(1.0),08/04/26 23:00:00,Annual,Total,Net maximum electrical capacity,Total,Megawatt,Ireland,2021,11375.336,,
ESTAT:NRG_INF_EPC$DEFAULTVIEW(1.0),08/04/26 23:00:00,Annual,Total,Net maximum electrical capacity,Total,Megawatt,Ireland,2022,11686.165,,
ESTAT:NRG_INF_EPC$DEFAULTVIEW(1.0),08/04/26 23:00:00,Annual,Total,Net maximum electrical capacity,Total,Megawatt,Ireland,2023,12507.377,,
ESTAT:NRG_INF_EPC$DEFAULTVIEW(1.0),08/04/26 23:00:00,Annual,Total,Net maximum electrical capacity,Total,Megawatt,Ireland,2024,12868.988,,
ESTAT:NRG_INF_EPC$DEFAULTVIEW(1.0),08/04/26 23:00:00,Annual,Total,Net maximum electrical capacity,Total,Megawatt,Iceland,2022,3006.460,,
ESTAT:NRG_INF_EPC$DEFAULTVIEW(1.0),08/04/26 23:00:00,Annual,Total,Net maximum electrical capacity,Total,Megawatt,Iceland,2023,3012.308,,
ESTAT:NRG_INF_EPC$DEFAULTVIEW(1.0),08/04/26 23:00:00,Annual,Total,Net maximum electrical capacity,Total,Megawatt,Iceland,2024,3002.723,,
ESTAT:NRG_INF_EPC$DEFAULTVIEW(1.0),08/04/26 23:00:00,Annual,Total,Net maximum electrical capacity,Total,Megawatt,Italy,2024,138407.013,,
ESTAT:NRG_INF_EPC$DEFAULTVIEW(1.0),08/04/26 23:00:00,Annual,Total,Net maximum electrical capacity,Total,Megawatt,Liechtenstein,2024,77.109,,
ESTAT:NRG_INF_EPC$DEFAULTVIEW(1.0),08/04/26 23:00:00,Annual,Total,Net maximum electrical capacity,Total,Megawatt,Lithuania,2022,4296.468,,
ESTAT:NRG_INF_EPC$DEFAULTVIEW(1.0),08/04/26 23:00:00,Annual,Total,Net maximum electrical capacity,Total,Megawatt,Lithuania,2024,7069.000,,
ESTAT:NRG_INF_EPC$DEFAULTVIEW(1.0),08/04/26 23:00:00,Annual,Total,Net maximum electrical capacity,Total,Megawatt,Luxembourg,2022,1956.960,,
ESTAT:NRG_INF_EPC$DEFAULTVIEW(1.0),08/04/26 23:00:00,Annual,Total,Net maximum electrical capacity,Total,Megawatt,Luxembourg,2023,2106.567,,
ESTAT:NRG_INF_EPC$DEFAULTVIEW(1.0),08/04/26 23:00:00,Annual,Total,Net maximum electrical capacity,Total,Megawatt,Luxembourg,2024,2264.261,,
ESTAT:NRG_INF_EPC$DEFAULTVIEW(1.0),08/04/26 23:00:00,Annual,Total,Net maximum electrical capacity,Total,Megawatt,Latvia,2023,3193.577,,
ESTAT:NRG_INF_EPC$DEFAULTVIEW(1.0),08/04/26 23:00:00,Annual,Total,Net maximum electrical capacity,Total,Megawatt,Latvia,2024,3534.385,,
ESTAT:NRG_INF_EPC$DEFAULTVIEW(1.0),08/04/26 23:00:00,Annual,Total,Net maximum electrical capacity,Total,Megawatt,Moldova,2024,1082.200,,
ESTAT:NRG_INF_EPC$DEFAULTVIEW(1.0),08/04/26 23:00:00,Annual,Total,Net maximum electrical capacity,Total,Megawatt,Montenegro,2024,1111.700,,
ESTAT:NRG_INF_EPC$DEFAULTVIEW(1.0),08/04/26 23:00:00,Annual,Total,Net maximum electrical capacity,Total,Megawatt,North Macedonia,2015,1789.500,,
ESTAT:NRG_INF_EPC$DEFAULTVIEW(1.0),08/04/26 23:00:00,Annual,Total,Net maximum electrical capacity,Total,Megawatt,North Macedonia,2016,1823.631,,
ESTAT:NRG_INF_EPC$DEFAULTVIEW(1.0),08/04/26 23:00:00,Annual,Total,Net maximum electrical capacity,Total,Megawatt,North Macedonia,2017,1835.204,,
ESTAT:NRG_INF_EPC$DEFAULTVIEW(1.0),08/04/26 23:00:00,Annual,Total,Net maximum electrical capacity,Total,Megawatt,North Macedonia,2018,1852.499,,
ESTAT:NRG_INF_EPC$DEFAULTVIEW(1.0),08/04/26 23:00:00,Annual,Total,Net maximum electrical capacity,Total,Megawatt,North Macedonia,2019,1865.390,,
ESTAT:NRG_INF_EPC$DEFAULTVIEW(1.0),08/04/26 23:00:00,Annual,Total,Net maximum electrical capacity,Total,Megawatt,North Macedonia,2020,1876.120,,
ESTAT:NRG_INF_EPC$DEFAULTVIEW(1.0),08/04/26 23:00:00,Annual,Total,Net maximum electrical capacity,Total,Megawatt,North Macedonia,2021,2109.600,,
ESTAT:NRG_INF_EPC$DEFAULTVIEW(1.0),08/04/26 23:00:00,Annual,Total,Net maximum electrical capacity,Total,Megawatt,North Macedonia,2022,2222.797,,
ESTAT:NRG_INF_EPC$DEFAULTVIEW(1.0),08/04/26 23:00:00,Annual,Total,Net maximum electrical capacity,Total,Megawatt,North Macedonia,2023,2666.542,,
ESTAT:NRG_INF_EPC$DEFAULTVIEW(1.0),08/04/26 23:00:00,Annual,Total,Net maximum electrical capacity,Total,Megawatt,North Macedonia,2024,2778.115,,
ESTAT:NRG_INF_EPC$DEFAULTVIEW(1.0),08/04/26 23:00:00,Annual,Total,Net maximum electrical capacity,Total,Megawatt,Malta,2022,711.762,,
ESTAT:NRG_INF_EPC$DEFAULTVIEW(1.0),08/04/26 23:00:00,Annual,Total,Net maximum electrical capacity,Total,Megawatt,Malta,2023,714.189,,
ESTAT:NRG_INF_EPC$DEFAULTVIEW(1.0),08/04/26 23:00:00,Annual,Total,Net maximum electrical capacity,Total,Megawatt,Malta,2024,852.226,,
ESTAT:NRG_INF_EPC$DEFAULTVIEW(1.0),08/04/26 23:00:00,Annual,Total,Net maximum electrical capacity,Total,Megawatt,Netherlands,2022,51530.612,,
ESTAT:NRG_INF_EPC$DEFAULTVIEW(1.0),08/04/26 23:00:00,Annual,Total,Net maximum electrical capacity,Total,Megawatt,Netherlands,2023,58298.108,,
ESTAT:NRG_INF_EPC$DEFAULTVIEW(1.0),08/04/26 23:00:00,Annual,Total,Net maximum electrical capacity,Total,Megawatt,Netherlands,2024,62184.229,,
ESTAT:NRG_INF_EPC$DEFAULTVIEW(1.0),08/04/26 23:00:00,Annual,Total,Net maximum electrical capacity,Total,Megawatt,Norway,2015,33837.000,,
ESTAT:NRG_INF_EPC$DEFAULTVIEW(1.0),08/04/26 23:00:00,Annual,Total,Net maximum electrical capacity,Total,Megawatt,Norway,2016,33808.000,,
ESTAT:NRG_INF_EPC$DEFAULTVIEW(1.0),08/04/26 23:00:00,Annual,Total,Net maximum electrical capacity,Total,Megawatt,Norway,2017,34228.000,,
ESTAT:NRG_INF_EPC$DEFAULTVIEW(1.0),08/04/26 23:00:00,Annual,Total,Net maximum electrical capacity,Total,Megawatt,Norway,2018,35416.405,,
ESTAT:NRG_INF_EPC$DEFAULTVIEW(1.0),08/04/26 23:00:00,Annual,Total,Net maximum electrical capacity,Total,Megawatt,Norway,2019,36939.826,,
ESTAT:NRG_INF_EPC$DEFAULTVIEW(1.0),08/04/26 23:00:00,Annual,Total,Net maximum electrical capacity,Total,Megawatt,Norway,2020,38880.281,,
ESTAT:NRG_INF_EPC$DEFAULTVIEW(1.0),08/04/26 23:00:00,Annual,Total,Net maximum electrical capacity,Total,Megawatt,Norway,2021,40267.615,,
ESTAT:NRG_INF_EPC$DEFAULTVIEW(1.0),08/04/26 23:00:00,Annual,Total,Net maximum electrical capacity,Total,Megawatt,Norway,2022,40472.908,,
ESTAT:NRG_INF_EPC$DEFAULTVIEW(1.0),08/04/26 23:00:00,Annual,Total,Net maximum electrical capacity,Total,Megawatt,Norway,2023,40534.959,,
ESTAT:NRG_INF_EPC$DEFAULTVIEW(1.0),08/04/26 23:00:00,Annual,Total,Net maximum electrical capacity,Total,Megawatt,Norway,2024,40951.661,,
ESTAT:NRG_INF_EPC$DEFAULTVIEW(1.0),08/04/26 23:00:00,Annual,Total,Net maximum electrical capacity,Total,Megawatt,Poland,2015,37320.505,,
ESTAT:NRG_INF_EPC$DEFAULTVIEW(1.0),08/04/26 23:00:00,Annual,Total,Net maximum electrical capacity,Total,Megawatt,Poland,2016,38094.436,,
ESTAT:NRG_INF_EPC$DEFAULTVIEW(1.0),08/04/26 23:00:00,Annual,Total,Net maximum electrical capacity,Total,Megawatt,Poland,2017,42832.996,,
ESTAT:NRG_INF_EPC$DEFAULTVIEW(1.0),08/04/26 23:00:00,Annual,Total,Net maximum electrical capacity,Total,Megawatt,Poland,2018,43010.175,,
ESTAT:NRG_INF_EPC$DEFAULTVIEW(1.0),08/04/26 23:00:00,Annual,Total,Net maximum electrical capacity,Total,Megawatt,Poland,2019,43329.351,,
ESTAT:NRG_INF_EPC$DEFAULTVIEW(1.0),08/04/26 23:00:00,Annual,Total,Net maximum electrical capacity,Total,Megawatt,Poland,2020,49069.609,,
ESTAT:NRG_INF_EPC$DEFAULTVIEW(1.0),08/04/26 23:00:00,Annual,Total,Net maximum electrical capacity,Total,Megawatt,Poland,2021,52235.938,,
ESTAT:NRG_INF_EPC$DEFAULTVIEW(1.0),08/04/26 23:00:00,Annual,Total,Net maximum electrical capacity,Total,Megawatt,Poland,2022,55040.953,,
ESTAT:NRG_INF_EPC$DEFAULTVIEW(1.0),08/04/26 23:00:00,Annual,Total,Net maximum electrical capacity,Total,Megawatt,Poland,2023,59914.529,,
ESTAT:NRG_INF_EPC$DEFAULTVIEW(1.0),08/04/26 23:00:00,Annual,Total,Net maximum electrical capacity,Total,Megawatt,Poland,2024,68815.742,,
ESTAT:NRG_INF_EPC$DEFAULTVIEW(1.0),08/04/26 23:00:00,Annual,Total,Net maximum electrical capacity,Total,Megawatt,Portugal,2024,25752.450,,
ESTAT:NRG_INF_EPC$DEFAULTVIEW(1.0),08/04/26 23:00:00,Annual,Total,Net maximum electrical capacity,Total,Megawatt,Romania,2015,22504.000,,
ESTAT:NRG_INF_EPC$DEFAULTVIEW(1.0),08/04/26 23:00:00,Annual,Total,Net maximum electrical capacity,Total,Megawatt,Romania,2016,22208.000,,
ESTAT:NRG_INF_EPC$DEFAULTVIEW(1.0),08/04/26 23:00:00,Annual,Total,Net maximum electrical capacity,Total,Megawatt,Romania,2017,22200.026,,
ESTAT:NRG_INF_EPC$DEFAULTVIEW(1.0),08/04/26 23:00:00,Annual,Total,Net maximum electrical capacity,Total,Megawatt,Romania,2018,22166.796,,
ESTAT:NRG_INF_EPC$DEFAULTVIEW(1.0),08/04/26 23:00:00,Annual,Total,Net maximum electrical capacity,Total,Megawatt,Romania,2019,19501.108,,
ESTAT:NRG_INF_EPC$DEFAULTVIEW(1.0),08/04/26 23:00:00,Annual,Total,Net maximum electrical capacity,Total,Megawatt,Romania,2020,19202.020,,
ESTAT:NRG_INF_EPC$DEFAULTVIEW(1.0),08/04/26 23:00:00,Annual,Total,Net maximum electrical capacity,Total,Megawatt,Romania,2021,17404.918,,
ESTAT:NRG_INF_EPC$DEFAULTVIEW(1.0),08/04/26 23:00:00,Annual,Total,Net maximum electrical capacity,Total,Megawatt,Romania,2024,20895.308,,
ESTAT:NRG_INF_EPC$DEFAULTVIEW(1.0),08/04/26 23:00:00,Annual,Total,Net maximum electrical capacity,Total,Megawatt,Serbia,2024,8962.406,,
ESTAT:NRG_INF_EPC$DEFAULTVIEW(1.0),08/04/26 23:00:00,Annual,Total,Net maximum electrical capacity,Total,Megawatt,Sweden,2024,53682.000,,
ESTAT:NRG_INF_EPC$DEFAULTVIEW(1.0),08/04/26 23:00:00,Annual,Total,Net maximum electrical capacity,Total,Megawatt,Slovenia,2022,4255.822,,
ESTAT:NRG_INF_EPC$DEFAULTVIEW(1.0),08/04/26 23:00:00,Annual,Total,Net maximum electrical capacity,Total,Megawatt,Slovenia,2023,4778.169,,
ESTAT:NRG_INF_EPC$DEFAULTVIEW(1.0),08/04/26 23:00:00,Annual,Total,Net maximum electrical capacity,Total,Megawatt,Slovenia,2024,5202.189,,
ESTAT:NRG_INF_EPC$DEFAULTVIEW(1.0),08/04/26 23:00:00,Annual,Total,Net maximum electrical capacity,Total,Megawatt,Slovakia,2024,8115.000,,
ESTAT:NRG_INF_EPC$DEFAULTVIEW(1.0),08/04/26 23:00:00,Annual,Total,Net maximum electrical capacity,Total,Megawatt,Türkiye,2023,110913.976,,
ESTAT:NRG_INF_EPC$DEFAULTVIEW(1.0),08/04/26 23:00:00,Annual,Total,Net maximum electrical capacity,Total,Megawatt,Türkiye,2024,116265.066,,
