"Data Source","World Development Indicators",

"Last Updated Date","2026-04-08",

"Country Name","Country Code","Indicator Name","Indicator Code","1960","1961","1962","1963","1964","1965","1966","1967","1968","1969","1970","1971","1972","1973","1974","1975","1976","1977","1978","1979","1980","1981","1982","1983","1984","1985","1986","1987","1988","1989","1990","1991","1992","1993","1994","1995","1996","1997","1998","1999","2000","2001","2002","2003","2004","2005","2006","2007","2008","2009","2010","2011","2012","2013","2014","2015","2016","2017","2018","2019","2020","2021","2022","2023","2024","2025",
"Aruba","ABW","Total greenhouse gas emissions excluding LULUCF (Mt CO2e)","EN.GHG.ALL.MT.CE.AR5","","","","","","","","","","","0.037","0.0418","0.0527","0.0577","0.057","0.0711","0.0702","0.081","0.0859","0.0899","0.0939","0.0971","0.0962","0.099","0.1136","0.1192","0.1289","0.1438","0.158","0.2132","0.2203","0.2469","0.272","0.2736","0.3091","0.3387","0.2296","0.3687","0.3778","0.3827","0.348","0.3511","0.3765","0.4268","0.4412","0.4783","0.4877","0.5228","0.5153","0.5507","0.5289","0.3409","0.4057","0.4405","0.4699","0.4915","0.5151","0.4967","0.495","0.54","0.5191","0.5383","0.5675","0.5695","0.5887","",
"Africa Eastern and Southern","AFE","Total greenhouse gas emissions excluding LULUCF (Mt CO2e)","EN.GHG.ALL.MT.CE.AR5","","","","","","","","","","","522.9852","524.5512","538.1695","567.1827","580.6692","598.3302","619.6261","630.3096","617.5935","634.9128","654.3526","673.0234","704.2895","715.8287","739.3073","754.2823","762.0429","783.092","799.7781","803.7549","827.9473","814.4028","817.6187","824.4903","850.6253","886.8235","919.445","943.7472","974.0551","973.943","978.2057","999.2239","1021.5196","1057.5296","1111.542","1144.9355","1150.2135","1206.5406","1261.9958","1242.2396","1280.3281","1278.4914","1324.4422","1361.2899","1396.8537","1396.4417","1415.4722","1437.2969","1457.6726","1491.9557","1474.7119","1490.5839","1497.7963","1518.6354","1548.7374","",
"Afghanistan","AFG","Total greenhouse gas emissions excluding LULUCF (Mt CO2e)","EN.GHG.ALL.MT.CE.AR5","","","","","","","","","","","15.3","15.2211","13.2788","13.972","15.242","15.9689","16.1246","16.1878","15.8334","15.7238","15.6485","15.8175","15.812","15.7685","14.6997","14.6195","12.95","12.8185","13.0853","12.6819","12.9316","13.014","12.0658","12.1861","12.2473","12.4635","13.7352","14.7974","15.6478","16.5085","14.3649","12.6284","15.2286","15.8576","15.9933","16.1449","16.3385","17.5116","20.86","23.8625","27.7685","31.8988","29.7593","28.1319","28.3545","28.0931","27.1647","30.4746","31.9358","32.4362","32.4002","32.8358","31.9121","32.4351","33.0348","",
"Africa Western and Central","AFW","Total greenhouse gas emissions excluding LULUCF (Mt CO2e)","EN.GHG.ALL.MT.CE.AR5","","","","","","","","","","","268.0583","284.5373","320.1887","358.5697","398.1957","345.1128","383.4729","376.6065","369.4323","436.1165","415.7289","359.8672","356.4963","353.9843","365.0048","382.9893","380.1702","371.1241","391.3803","425.6969","434.1307","456.9976","483.7933","489.9247","519.2414","560.9791","637.6916","615.5285","601.2266","597.7159","639.288","653.0729","594.851","646.3279","647.4797","650.4263","630.8503","610.0439","624.7748","617.0493","653.8817","684.4787","700.0255","716.0554","740.2353","756.5263","766.9368","777.0404","806.006","838.8348","822.7538","851.1541","860.2701","869.4107","896.0976","",
"Angola","AGO","Total greenhouse gas emissions excluding LULUCF (Mt CO2e)","EN.GHG.ALL.MT.CE.AR5","","","","","","","","","","","18.8344","18.7218","21.3168","22.8788","23.5861","22.4218","18.4644","23.1326","25.308","25.8339","26.308","24.9017","27.2768","28.8516","29.2836","31.6468","32.9495","34.6689","36.4246","37.3091","34.0845","33.3991","32.6614","36.6305","47.4057","54.6253","65.5425","67.282","73.101","73.8377","68.933","67.2114","64.9216","65.3759","70.6393","68.6988","61.2209","59.7285","63.0361","64.5384","71.665","70.5619","72.492","77.0263","78.9976","83.5369","80.6255","75.4336","70.4651","71.2087","63.1592","66.6019","68.0352","68.2808","69.9229","",
"Albania","ALB","Total greenhouse gas emissions excluding LULUCF (Mt CO2e)","EN.GHG.ALL.MT.CE.AR5","","","","","","","","","","","8.2309","8.1826","9.1151","8.5954","8.866","9.0471","9.6587","10.2164","11.2403","12.3966","12.5783","11.6196","12.2644","13.1149","13.4289","12.9918","13.2164","13.5038","13.3992","13.3133","11.4984","9.0526","6.1714","6.2093","6.9073","6.5494","6.2824","5.5292","5.7889","6.9985","7.1977","7.3854","8.0069","8.1952","8.4033","7.9929","8.0377","7.9928","7.7801","7.7632","8.0715","8.5046","8.1772","8.4377","8.9188","8.7633","8.3754","9.1947","9.1911","8.6662","7.9972","8.4963","7.6976","7.2612","7.1243","",
"Andorra","AND","Total greenhouse gas emissions excluding LULUCF (Mt CO2e)","EN.GHG.ALL.MT.CE.AR5","","","","","","","","","","","","","","","","","","","","","","","","","","","","","","","","","","","","","","","","","","","","","","","","","","","","","","","","","","","","","","","","","","",
"Arab World","ARB","Total greenhouse gas emissions excluding LULUCF (Mt CO2e)","EN.GHG.ALL.MT.CE.AR5","","","","","","","","","","","737.6966","758.8059","789.8345","874.9637","842.3297","848.1734","961.6277","987.1897","1034.5151","1131.1576","1112.4331","981.849","982.1034","997.149","1006.9864","1035.7538","1091.1279","1142.4515","1224.3638","1282.1373","1259.082","1214.3523","1279.4935","1360.4432","1431.6998","1471.0067","1516.2069","1579.1193","1588.8455","1622.8008","1704.49","1751.9805","1777.1595","1855.3013","1933.0449","2035.9553","2114.3515","2161.5089","2280.2786","2329.7477","2438.144","2486.7931","2647.621","2683.5826","2759.8639","2821.1497","2897.3546","2942.8362","2957.9913","2989.9227","2904.0883","3027.3815","3131.147","3200.1842","3267.5948","",
"United Arab Emirates","ARE","Total greenhouse gas emissions excluding LULUCF (Mt CO2e)","EN.GHG.ALL.MT.CE.AR5","","","","","","","","","","","29.7727","35.8184","39.4819","50.6874","52.2127","53.0812","64.3466","65.3928","70.9126","56.386","58.8186","53.928","51.9234","49.7993","63.0117","65.1475","65.1406","68.7301","68.1449","77.1332","79.5037","87.8872","87.4209","94.0529","98.9407","103.9845","109.0839","110.8693","111.9372","114.6886","117.226","129.7435","131.3144","139.4106","146.0518","155.5192","162.325","172.8358","200.3914","201.4993","209.6933","217.382","226.7173","238.5775","242.0497","254.2073","262.1895","254.2672","238.7795","251.8938","249.749","255.3525","255.5927","254.3073","264.1484","",
"Argentina","ARG","Total greenhouse gas emissions excluding LULUCF (Mt CO2e)","EN.GHG.ALL.MT.CE.AR5","","","","","","","","","","","219.2139","222.4566","229.4516","237.3425","237.6578","238.173","246.5947","257.1352","249.8252","255.6799","251.0559","245.2533","242.0253","248.1145","249.3411","240.9373","246.7415","250.8555","259.3266","258.5108","253.0652","256.9099","258.9147","260.7774","266.2993","269.1198","276.3738","281.2857","285.1707","291.7702","288.4453","285.5007","284.5413","305.8995","324.6533","329.3846","342.6815","354.3631","357.0159","333.4521","337.3105","343.8255","351.3252","360.0237","359.8127","366.0408","369.1827","372.6964","372.5105","369.602","354.1583","371.3182","383.5354","377.6745","374.3446","",
"Armenia","ARM","Total greenhouse gas emissions excluding LULUCF (Mt CO2e)","EN.GHG.ALL.MT.CE.AR5","","","","","","","","","","","12.66","12.8212","13.627","14.6567","15.6765","16.9326","17.3687","17.9666","18.6535","19.3052","20.4243","20.8613","21.4443","21.5103","21.5551","21.613","21.8448","22.0969","22.026","21.634","24.3068","24.8695","14.0199","7.6786","5.2809","5.9604","5.0012","5.7028","5.7266","5.3528","5.8625","5.9984","5.5472","5.994","6.4779","7.22","7.1893","8.1344","8.6114","7.3396","7.0714","7.698","8.5676","8.6111","8.9685","8.8965","8.7313","8.9353","9.0795","9.5603","10.2818","10.908","11.2215","10.726","10.7806","",
"American Samoa","ASM","Total greenhouse gas emissions excluding LULUCF (Mt CO2e)","EN.GHG.ALL.MT.CE.AR5","","","","","","","","","","","0.0061","0.0061","0.0061","0.0061","0.0062","0.0062","0.0063","0.0064","0.0064","0.0063","0.0064","0.0065","0.0068","0.0071","0.0074","0.0076","0.0078","0.008","0.0082","0.0085","0.0073","0.0074","0.0075","0.0076","0.0077","0.0077","0.0078","0.0079","0.0079","0.008","0.0081","0.0088","0.0088","0.0089","0.0089","0.0089","0.0088","0.0088","0.0088","0.0087","0.0087","0.0087","0.0087","0.0087","0.0088","0.0088","0.0088","0.0088","0.0088","0.0088","0.0088","0.0089","0.0089","0.0089","0.0089","",
"Antigua and Barbuda","ATG","Total greenhouse gas emissions excluding LULUCF (Mt CO2e)","EN.GHG.ALL.MT.CE.AR5","","","","","","","","","","","0.1587","0.1652","0.1862","0.1878","0.1738","0.1983","0.1864","0.2003","0.2053","0.2107","0.2141","0.1975","0.2314","0.168","0.1874","0.1916","0.1976","0.233","0.2446","0.2443","0.2466","0.2483","0.25","0.2471","0.2637","0.2728","0.2713","0.2831","0.2887","0.2922","0.2254","0.2229","0.2407","0.2551","0.2588","0.2652","0.2887","0.307","0.3227","0.3574","0.3474","0.2797","0.294","0.3274","0.3477","0.3593","0.3842","0.3461","0.3557","0.4099","0.3931","0.3991","0.4112","0.4151","0.4269","",
"Australia","AUS","Total greenhouse gas emissions excluding LULUCF (Mt CO2e)","EN.GHG.ALL.MT.CE.AR5","","","","","","","","","","","315.6705","321.9529","334.109","341.3933","355.8628","365.188","368.2812","374.8117","365.7421","369.7497","376.8546","380.0961","388.588","376.0472","390.3264","403.3571","408.614","419.1159","429.7092","451.0103","460.6999","463.5077","465.5236","470.0598","474.1461","482.2439","495.3143","508.1079","529.1569","535.8085","545.7082","555.247","564.9523","553.8086","575.6458","577.2283","584.4288","592.2353","590.4227","597.6317","598.7525","610.735","614.8511","604.925","597.2003","600.7502","595.9681","612.9425","608.0656","605.154","579.5474","576.1891","571.7808","587.5131","591.454","",
"Austria","AUT","Total greenhouse gas emissions excluding LULUCF (Mt CO2e)","EN.GHG.ALL.MT.CE.AR5","","","","","","","","","","","71.6009","74.7566","76.9596","80.7225","78.4843","75.9599","81.4133","78.8098","80.8222","83.5136","81.6391","77.9637","75.7946","75.668","78.1364","79.5205","77.9516","78.1098","76.9307","76.2162","80.1775","84.4256","78.9586","78.9571","79.396","82.2786","86.2787","85.4906","85.6186","83.5582","83.6814","88.5759","90.3629","95.1532","95.9343","96.4267","93.9886","91.0048","90.5976","82.997","89.121","87.33","83.9774","84.4903","80.8206","82.2617","82.7008","84.8577","81.7926","83.1342","76.9727","80.0781","76.0792","71.5963","70.9999","",
"Azerbaijan","AZE","Total greenhouse gas emissions excluding LULUCF (Mt CO2e)","EN.GHG.ALL.MT.CE.AR5","","","","","","","","","","","32.5408","32.882","34.7273","37.1417","39.5947","42.3611","43.4772","44.8043","46.9284","48.4806","50.6469","51.8958","52.7774","53.8061","54.7314","55.5772","56.646","57.7219","57.5334","57.6074","67.6734","65.8633","55.3292","49.0153","43.4983","42.6711","37.269","36.5552","36.9846","37.9616","39.6878","39.0277","38.8745","41.6901","41.6654","44.5394","46.2181","46.6283","51.1419","45.5049","44.485","46.9238","50.0286","51.2625","53.0942","52.9715","52.6987","52.4259","53.1365","55.9433","54.3338","56.5961","59.2363","60.9918","58.2798","",
"Burundi","BDI","Total greenhouse gas emissions excluding LULUCF (Mt CO2e)","EN.GHG.ALL.MT.CE.AR5","","","","","","","","","","","2.1208","2.1156","2.2127","2.2665","2.2883","2.3712","2.3848","2.3961","2.4285","2.5046","2.2636","2.0636","2.1081","2.149","2.2279","2.1819","2.3676","2.3998","2.5369","2.5708","3.0465","3.1795","3.134","3.1875","3.1625","3.2863","3.3931","3.4458","3.4264","2.9863","3.0518","3.0341","3.003","3.0436","3.1954","3.3102","3.5149","3.7863","3.7713","4.0097","4.3631","4.6339","4.6311","5.7505","5.7038","5.6912","6.0259","6.7135","7.0173","6.7574","6.7617","7.9047","7.7099","8.1872","8.4217","",
"Belgium","BEL","Total greenhouse gas emissions excluding LULUCF (Mt CO2e)","EN.GHG.ALL.MT.CE.AR5","","","","","","","","","","","167.27","157.6727","169.1694","174.9869","175.3104","155.8749","165.279","163.9739","168.2353","177.5402","166.8538","155.2083","146.8963","137.5962","141.699","139.1484","138.854","137.9373","138.3293","139.198","140.5728","144.6316","142.3645","140.4153","147.6957","148.7071","154.2449","150.6861","154.4092","150.4799","151.9066","152.1583","144.5246","148.3047","147.1197","143.9155","140.4689","137.895","139.5855","132.0522","140.495","129.905","128.0589","129.2315","122.512","127.1924","126.1031","124.0806","124.6967","124.3926","115.6721","119.5214","111.9884","107.2263","107.824","",
"Benin","BEN","Total greenhouse gas emissions excluding LULUCF (Mt CO2e)","EN.GHG.ALL.MT.CE.AR5","","","","","","","","","","","2.5176","2.4564","2.6622","2.8037","2.7795","2.9656","2.8281","2.9466","3.0421","3.1623","3.3199","3.5124","3.7425","3.6762","3.7661","3.9839","3.7203","3.6962","3.6634","3.6601","3.8389","3.9304","4.0352","4.056","4.3888","4.1692","5.1115","5.3911","5.4083","5.7547","5.9745","6.5055","6.9554","7.3192","7.6368","8.0821","9.3406","10.0519","10.1634","10.6888","11.5488","11.644","11.5913","12.3137","12.9415","13.4996","15.175","15.52","16.9306","17.1381","17.6643","16.1853","17.0531","17.3539","17.7671","",
"Burkina Faso","BFA","Total greenhouse gas emissions excluding LULUCF (Mt CO2e)","EN.GHG.ALL.MT.CE.AR5","","","","","","","","","","","6.3086","6.3415","6.0052","5.7152","5.8736","6.0383","6.2096","6.3738","6.6135","6.9162","7.1198","7.4129","7.799","8.0543","8.2607","9.1837","9.5374","9.9016","10.2027","10.4437","11.3067","11.8977","12.022","12.3144","12.7061","13.1283","13.5433","14.0362","14.4569","13.842","14.181","15.8529","16.2408","19.5486","19.8093","20.4767","20.9532","21.8231","22.9702","23.4755","24.3236","24.9905","25.9545","26.9705","27.2923","29.01","29.8729","31","32.6026","33.7747","30.1952","35.4369","35.7426","34.5921","34.9177","",
"Bangladesh","BGD","Total greenhouse gas emissions excluding LULUCF (Mt CO2e)","EN.GHG.ALL.MT.CE.AR5","","","","","","","","","","","51.0048","49.7911","50.5363","51.0162","51.5092","54.3687","55.1951","56.8076","60.9162","63.5508","56.7762","57.7314","59.782","60.1229","61.3368","63.6398","66.1734","67.7643","69.9492","73.3563","74.8745","74.9862","77.6491","79.4148","82.3395","88.4602","89.9718","92.5166","93.6163","98.3036","100.3526","106.9523","110.0243","112.9936","115.5867","119.6731","124.1989","128.7306","135.7709","140.7133","148.3306","153.3106","158.7052","161.7984","168.312","177.4623","186.2098","195.4506","200.539","205.7444","202.7429","219.365","222.9794","215.8337","220.8267","",
"Bulgaria","BGR","Total greenhouse gas emissions excluding LULUCF (Mt CO2e)","EN.GHG.ALL.MT.CE.AR5","","","","","","","","","","","89.3191","89.8646","92.778","93.8973","94.7854","101.2826","102.1283","105.0979","111.2542","115.2135","118.7173","115.1066","117.143","116.0442","114.0234","115.4923","116.52","116.5893","115.8797","113.9697","100.7546","83.4942","78.7045","77.435","73.8981","74.8197","75.4201","72.5202","69.566","62.5067","60.8646","62.85","59.5613","65.6969","64.0625","64.9774","66.2519","70.0342","66.9248","58.6641","61.6397","67.3019","62.4353","57.0464","60.5257","62.7186","60.3089","62.5683","59.3596","57.7936","52.5825","59.1719","62.7432","49.6647","46.6766","",
"Bahrain","BHR","Total greenhouse gas emissions excluding LULUCF (Mt CO2e)","EN.GHG.ALL.MT.CE.AR5","","","","","","","","","","","18.6597","18.8209","19.6763","20.9617","22.4791","20.2109","21.143","24.0993","23.8763","24.6922","24.5522","24.7298","24.8548","24.55","24.6897","25.3407","27.7146","27.1125","28.0994","28.3324","29.0665","28.616","32.8274","34.931","34.8773","34.7385","36.0576","33.4516","34.9714","37.0287","37.5865","38.6097","38.113","37.7597","37.6949","41.1523","42.7697","43.8799","47.3692","47.9522","48.2942","48.6625","52.4256","56.9949","58.8157","59.0053","59.2395","59.0759","59.1288","63.0372","63.2463","63.5062","64.9134","64.9022","64.4222","",
"Bahamas, The","BHS","Total greenhouse gas emissions excluding LULUCF (Mt CO2e)","EN.GHG.ALL.MT.CE.AR5","","","","","","","","","","","1.5597","1.5943","1.8595","1.856","1.6383","1.6794","1.5033","1.6578","1.682","1.7313","1.7097","1.5287","1.2869","0.994","0.9846","0.8965","0.9363","1.0782","1.1028","1.2646","1.3072","1.2021","1.0671","1.0946","1.1947","1.3566","1.4964","1.5108","1.7118","1.5627","1.2584","1.2591","1.3599","1.0811","1.1552","1.1453","1.3886","1.6169","1.6691","1.4365","1.5928","1.1705","1.3375","1.4201","1.4666","1.4539","1.5846","1.7216","1.5539","1.8064","1.5307","1.8152","1.78","1.7891","1.8439","",
"Bosnia and Herzegovina","BIH","Total greenhouse gas emissions excluding LULUCF (Mt CO2e)","EN.GHG.ALL.MT.CE.AR5","","","","","","","","","","","16.1335","16.4877","16.1204","17.341","18.7415","19.2993","19.2881","19.8649","20.6634","21.3944","20.7964","22.8863","23.9185","25.3594","26.4129","27.4833","28.3369","26.78","27.001","27.3031","32.8718","29.7911","22.8763","19.5684","6.5514","6.5649","7.2586","12.5596","15.7188","16.1432","19.8675","19.4051","20.5038","20.9208","22.4338","23.1811","25.3559","26.6127","28.0749","27.8605","28.409","31.6964","29.6393","29.4029","27.886","27.8464","31.2525","31.8522","32.2559","30.553","30.4749","30.3517","30.0733","28.1994","27.6267","",
"Belarus","BLR","Total greenhouse gas emissions excluding LULUCF (Mt CO2e)","EN.GHG.ALL.MT.CE.AR5","","","","","","","","","","","94.1383","95.3218","100.4314","107.3734","114.2105","120.4856","124.2492","127.4336","131.6298","135.1765","138.7392","140.4759","141.3572","142.5417","142.4359","142.597","143.042","143.9281","141.7382","138.498","144.9713","140.0917","128.47","114.3186","100.762","92.0719","91.9317","91.9172","90.292","87.7398","84.9803","83.5992","83.4518","83.8255","87.2358","87.9624","90.8291","89.5793","96.3427","93.4839","98.5221","96.1364","97.8161","98.1957","97.4739","92.588","91.7034","93.4591","96.6775","94.4282","91.7181","91.8916","89.203","86.9331","87.4914","",
"Belize","BLZ","Total greenhouse gas emissions excluding LULUCF (Mt CO2e)","EN.GHG.ALL.MT.CE.AR5","","","","","","","","","","","0.2415","0.2559","0.2737","0.2803","0.2819","0.2996","0.2943","0.31","0.3141","0.3157","0.3192","0.3154","0.3158","0.341","0.3326","0.331","0.358","0.3453","0.3369","0.3774","0.4374","0.4553","0.4544","0.4339","0.4371","0.4193","0.4016","0.4957","0.5164","0.5359","0.4711","0.4927","0.5055","0.5346","0.5139","0.5377","0.6315","0.6595","0.6713","0.7293","0.7709","0.7414","0.7163","0.7808","0.7366","0.7904","0.8147","0.8563","0.8569","0.9911","0.9175","0.9423","0.9734","1.0012","1.0347","",
"Bermuda","BMU","Total greenhouse gas emissions excluding LULUCF (Mt CO2e)","EN.GHG.ALL.MT.CE.AR5","","","","","","","","","","","0.1608","0.1624","0.1933","0.1947","0.1754","0.2084","0.1912","0.2092","0.2094","0.2077","0.2062","0.1792","0.178","0.1835","0.1969","0.1925","0.1888","0.2761","0.3204","0.3932","0.2819","0.2568","0.2079","0.2293","0.2275","0.2286","0.2326","0.2384","0.2438","0.2468","0.1776","0.176","0.1932","0.1988","0.2009","0.2143","0.261","0.3075","0.3094","0.2735","0.3389","0.1797","0.2043","0.2248","0.3008","0.2586","0.3411","0.3141","0.329","0.33","0.24","0.2708","0.2837","0.2968","0.3057","",
"Bolivia","BOL","Total greenhouse gas emissions excluding LULUCF (Mt CO2e)","EN.GHG.ALL.MT.CE.AR5","","","","","","","","","","","26.7882","27.8353","32.474","34.0483","33.8565","32.5817","33.9485","31.6894","32.8078","30.7875","30.1027","27.9102","29.2496","30.1344","28.3929","28.6347","26.3404","27.4594","28.1881","29.8305","29.4299","31.3117","32.6285","34.9466","37.0343","29.4385","29.4612","33.8891","31.3939","30.5509","29.9953","28.5882","29.7555","30.7821","32.1094","32.7047","33.8378","35.8469","37.0583","38.4588","41.8206","42.6773","44.5068","46.3115","47.3672","48.3841","50.1109","50.7729","51.474","52.3957","49.2431","53.3856","55.432","57.2128","63.7572","",
"Brazil","BRA","Total greenhouse gas emissions excluding LULUCF (Mt CO2e)","EN.GHG.ALL.MT.CE.AR5","","","","","","","","","","","336.3371","342.4556","363.4537","390.3688","417.569","439.3947","474.9801","492.9092","506.6988","530.3062","557.5919","543.5151","551.0265","546.6113","567.5654","586.4921","618.1901","634.8409","650.3135","660.059","649.236","676.337","697.8057","723.7353","752.7957","789.7806","794.4638","818.7316","833.8577","849.0536","870.3341","882.1005","904.526","934.4198","983.4187","1000.6449","1004.5791","1024.2102","1057.6067","1032.2058","1110.0271","1146.6495","1180.0088","1215.9431","1248.6093","1233.2232","1208.3076","1219.2389","1195.9214","1200.306","1196.01","1277.187","1278.5422","1297.1707","1299.1802","",
"Barbados","BRB","Total greenhouse gas emissions excluding LULUCF (Mt CO2e)","EN.GHG.ALL.MT.CE.AR5","","","","","","","","","","","0.6053","0.6139","0.6669","0.6757","0.6318","0.6793","0.6545","0.7075","0.7112","0.7148","0.7263","0.7116","0.6936","0.704","0.7023","0.7641","0.7936","0.7504","0.7618","0.8413","0.8562","0.8276","0.8156","0.7768","0.7648","0.7766","0.7698","0.8666","0.9332","0.9672","0.8393","0.8011","0.8292","0.8583","0.853","0.8666","0.9041","0.8724","0.994","1.0034","1.0212","0.88","0.8399","0.924","0.8609","0.9126","0.9674","0.8778","0.9766","1.0672","0.8655","0.8511","0.8908","0.8889","0.9121","",
"Brunei Darussalam","BRN","Total greenhouse gas emissions excluding LULUCF (Mt CO2e)","EN.GHG.ALL.MT.CE.AR5","","","","","","","","","","","2.7142","2.559","3.1319","3.9503","4.1135","4.2648","5.0254","5.2054","5.3183","5.1212","5.9958","4.9442","5.2911","5.6803","5.4989","5.362","5.1512","5.1838","5.4976","5.4492","5.8516","6.3736","6.5872","6.9063","7.0392","7.3244","7.6929","8.2021","7.6705","8.1543","8.4862","8.7298","7.8977","8.9121","8.4103","8.0908","11.3236","10.8088","12.9058","11.0184","9.9791","10.6779","10.3415","10.2788","10.4872","9.7772","10.1853","10.1829","10.412","10.0821","12.7556","12.5343","11.9068","12.0612","11.8655","",
"Bhutan","BTN","Total greenhouse gas emissions excluding LULUCF (Mt CO2e)","EN.GHG.ALL.MT.CE.AR5","","","","","","","","","","","0.534","0.5442","0.5579","0.5704","0.5838","0.5937","0.611","0.6274","0.6513","0.669","0.6852","0.7268","0.7536","0.7826","0.8021","0.8411","0.8537","0.9231","0.9032","0.9157","1.1311","1.0252","0.9912","1.0221","1.0954","1.2523","1.2772","1.2917","1.3132","1.3451","1.3504","1.3647","1.4038","1.4356","1.4477","1.5784","1.6645","1.6866","1.7278","1.8856","2.0083","2.2328","2.1786","2.2961","2.3412","2.5309","2.6836","2.7694","3.0686","3.1159","2.7174","2.8541","2.7995","2.7927","2.8063","",
"Botswana","BWA","Total greenhouse gas emissions excluding LULUCF (Mt CO2e)","EN.GHG.ALL.MT.CE.AR5","","","","","","","","","","","3.4086","3.5348","4.1077","4.3366","4.9298","5.4956","6.3215","6.8715","6.6265","6.7096","6.9173","7.161","7.3743","7.0975","6.8471","6.5383","6.7108","6.8318","7.8606","8.3631","9.2706","8.2817","8.529","8.3561","8.4097","9.4412","8.5658","8.7969","9.6446","10.3453","10.9496","10.2471","10.0387","9.4688","9.4273","10.1355","10.0193","10.1977","10.897","10.2741","10.6511","11.3285","9.9088","11.8127","12.8548","13.1983","12.3784","12.8434","13.7531","12.4205","10.9515","12.2565","12.5321","12.6077","12.0977","",
"Central African Republic","CAF","Total greenhouse gas emissions excluding LULUCF (Mt CO2e)","EN.GHG.ALL.MT.CE.AR5","","","","","","","","","","","1.572","1.6455","1.739","1.8214","1.9206","1.9744","2.0528","2.213","2.4437","3.0375","3.2358","3.3596","6.5554","6.678","6.2472","6.4192","6.9706","6.8454","6.6492","7.4406","7.6007","8.1009","8.082","7.541","8.1914","8.4009","8.7379","7.8481","9.1633","8.9679","9.1683","9.6033","8.5608","9.6963","9.0428","9.7525","9.8164","10.8582","10.8924","10.2514","10.9228","11.8438","11.5787","11.5255","11.4561","11.8786","12.6499","12.1415","12.4694","12.2745","12.6029","12.7563","13.079","12.7777","13.4443","",
"Canada","CAN","Total greenhouse gas emissions excluding LULUCF (Mt CO2e)","EN.GHG.ALL.MT.CE.AR5","","","","","","","","","","","473.6506","483.2269","505.1161","532.7384","541.5737","526.6557","538.0771","559.1455","565.9377","580.5142","585.6636","565.9218","547.1993","548.8146","570.4927","566.4066","553.1904","569.6176","604.1543","626.7589","590.5156","586.0923","602.6766","607.864","633.8956","649.8085","667.7604","681.3904","690.8513","701.3521","724.389","715.458","737.7192","757.2196","745.8844","767.1729","763.1616","784.7511","760.7637","720.4398","741.3401","758.563","754.6654","765.4783","776.2739","768.7545","765.245","785.9246","809.0596","805.4996","728.5112","742.9301","761.3626","755.2393","768.0589","",
"Central Europe and the Baltics","CEB","Total greenhouse gas emissions excluding LULUCF (Mt CO2e)","EN.GHG.ALL.MT.CE.AR5","","","","","","","","","","","1225.99","1246.1365","1279.9544","1335.5447","1356.5012","1416.0241","1472.952","1524.6069","1604.1426","1631.1503","1630.9352","1568.6937","1592.0783","1599.3083","1617.8021","1621.1497","1626.5495","1648.7501","1635.696","1580.2732","1400.7505","1280.8058","1187.7748","1150.9633","1120.0484","1120.7915","1149.5246","1117.9446","1048.7068","996.7663","989.5215","998.8603","980.8591","1013.9524","1014.0443","1011.4801","1034.2171","1038.9249","1013.2652","937.9392","970.5644","972.995","946.3437","920.5444","902.7981","914.0358","925.8322","953.9062","949.3838","909.6275","861.3989","912.8168","880.7498","807.0904","788.0481","",
"Switzerland","CHE","Total greenhouse gas emissions excluding LULUCF (Mt CO2e)","EN.GHG.ALL.MT.CE.AR5","","","","","","","","","","","50.6029","52.4591","53.2088","57.183","52.5337","50.0103","51.8902","52.4027","53.7043","52.5082","53.3331","50.6923","48.3732","52.5307","52.0904","55.2185","55.126","53.3168","53.1907","53.0232","53.9744","56.3869","56.143","53.6027","52.6309","53.4351","54.0222","52.5848","54.1324","54.2748","53.5163","55.0253","53.3902","54.6433","55.2286","55.9286","55.2643","53.2391","54.8217","53.3492","55.1362","51.1255","52.4878","53.7462","50.0908","49.4483","49.9492","49.0425","47.7525","47.5554","45.1725","46.9199","43.6858","42.8749","42.9924","",
"Channel Islands","CHI","Total greenhouse gas emissions excluding LULUCF (Mt CO2e)","EN.GHG.ALL.MT.CE.AR5","","","","","","","","","","","","","","","","","","","","","","","","","","","","","","","","","","","","","","","","","","","","","","","","","","","","","","","","","","","","","","","","","","",
"Chile","CHL","Total greenhouse gas emissions excluding LULUCF (Mt CO2e)","EN.GHG.ALL.MT.CE.AR5","","","","","","","","","","","48.9079","50.9399","53.4955","52.5667","50.8646","47.6249","47.6529","45.5108","46.0652","48.7863","51.354","50.7792","47.0444","46.9052","47.9125","45.7504","45.506","46.0016","49.9262","55.2322","54.7825","53.3344","55.1697","57.6661","61.4163","66.5223","73.6565","80.3586","80.9401","84.374","80.9636","79.2379","79.7961","81.9608","87.4346","88.0872","89.4558","98.2183","102.6001","98.9627","101.6041","112.2079","116.2296","118.7258","110.9509","116.6424","121.9211","124.5992","126.7867","133.2977","126.1561","127.2099","129.5282","116.8374","118.1209","",
"China","CHN","Total greenhouse gas emissions excluding LULUCF (Mt CO2e)","EN.GHG.ALL.MT.CE.AR5","","","","","","","","","","","1714.4214","1747.0062","1825.1622","1880.9338","1901.6715","2089.2454","2151.9246","2337.5534","2548.354","2606.606","2584.9435","2564.3295","2662.9986","2781.8181","2972.9751","2990.5891","3132.1613","3319.7289","3510.8085","3634.8486","3712.7437","3845.5088","3965.0768","4171.7358","4354.601","4762.3283","4771.0044","4794.633","4898.2088","4850.3924","5063.8922","5255.0745","5584.8311","6292.8849","7131.5343","7974.396","8759.3389","9356.3434","9576.2959","10196.8722","11062.0446","12056.806","12419.567","12948.608","13095.1974","12931.0416","12913.087","13160.5935","13740.9299","14052.8622","14230.2296","14866.4936","14857.4011","15411.7834","15536.1217","",
"Cote d'Ivoire","CIV","Total greenhouse gas emissions excluding LULUCF (Mt CO2e)","EN.GHG.ALL.MT.CE.AR5","","","","","","","","","","","6.0353","6.1639","6.5699","6.7599","6.9691","7.4335","8.0917","8.2713","9.0424","8.9114","8.8625","8.9237","9.2784","10.7112","10.6031","10.5216","10.4609","10.4158","10.3695","9.9928","9.9376","10.2538","10.387","10.6167","11.4811","12.089","13.4398","14.7175","14.4967","16.4148","16.3241","16.532","17.3099","15.8514","16.6589","17.5958","17.7482","18.1591","19.0181","18.4168","19.8203","20.4445","23.0251","24.3394","25.2868","26.3751","27.5021","28.4254","27.9065","29.8106","30.1406","35.0561","36.5208","36.7288","38.0267","",
"Cameroon","CMR","Total greenhouse gas emissions excluding LULUCF (Mt CO2e)","EN.GHG.ALL.MT.CE.AR5","","","","","","","","","","","7.7397","7.7767","7.5669","7.6012","7.7992","8.4768","8.7875","9.7765","10.6471","12.9045","15.8263","18.5818","20.4234","23.0003","25.7292","29.94","30.4017","30.2981","27.7756","30.4327","30.0848","29.3003","28.26","27.4932","26.687","27.2835","28.5482","28.0435","28.7155","29.3652","30.6929","30.8104","29.6126","30.3552","30.1098","30.3052","29.5934","30.401","30.1899","31.0696","30.5004","30.1934","30.9694","32.8896","35.2925","38.5535","38.9792","37.7546","38.1696","38.8919","39.5947","39.8362","40.3485","40.358","40.6219","",
"Congo, Dem. Rep.","COD","Total greenhouse gas emissions excluding LULUCF (Mt CO2e)","EN.GHG.ALL.MT.CE.AR5","","","","","","","","","","","9.7212","9.9629","10.2434","10.4582","10.8115","10.9749","15.7201","15.5928","14.9175","15.9741","15.6713","16.1699","20.8914","22.9558","26.2854","23.5704","24.806","26.058","27.1659","24.4193","25.3323","23.0224","23.641","25.4757","23.3382","23.9856","25.0851","23.7662","24.4995","23.9343","26.349","24.3669","23.2355","24.5076","25.0346","25.6697","26.2362","27.0044","27.6823","27.6743","28.8028","29.8786","36.8022","38.7601","40.7347","42.257","42.7513","44.4244","45.1086","46.7926","49.6278","52.844","55.978","57.201","58.4917","",
"Congo, Rep.","COG","Total greenhouse gas emissions excluding LULUCF (Mt CO2e)","EN.GHG.ALL.MT.CE.AR5","","","","","","","","","","","2.4693","2.7485","2.9578","11.4656","15.7828","10.3142","10.308","4.8504","4.4578","4.6081","5.5402","6.5847","7.3999","7.5392","9.0336","8.8573","8.7701","9.3947","10.2685","10.9119","10.903","10.7838","10.8585","11.1968","9.8096","12.1338","15.6656","16.3154","19.5795","19.9457","21.6697","20.2091","13.2454","14.9718","16.1617","19.7678","21.7643","18.7086","18.5281","20.2034","22.0041","21.1253","20.3596","19.7788","20.2122","20.0504","19.7518","21.4216","25.1015","26.2687","25.1544","23.298","24.421","24.4166","24.623","",
"Colombia","COL","Total greenhouse gas emissions excluding LULUCF (Mt CO2e)","EN.GHG.ALL.MT.CE.AR5","","","","","","","","","","","82.1717","84.9499","86.8743","88.9807","91.664","95.7443","99.9274","102.3835","106.0703","106.6067","107.5565","109.1941","111.5519","112.7512","112.8354","114.9849","118.017","122.9113","124.9551","128.8743","132.2351","133.801","139.0838","143.6136","144.9581","150.1113","150.2392","157.5925","159.5553","147.7486","153.0725","153.8539","152.6071","153.2679","153.8665","157.5663","156.4089","161.2139","162.342","167.7937","173.7982","177.2547","175.2878","185.4022","185.3514","187.0444","190.7726","187.1258","195.8783","201.0933","199.6455","212.6989","209.7608","215.4766","217.5857","",
"Comoros","COM","Total greenhouse gas emissions excluding LULUCF (Mt CO2e)","EN.GHG.ALL.MT.CE.AR5","","","","","","","","","","","0.1937","0.1976","0.2004","0.2051","0.2114","0.2165","0.2244","0.2295","0.2351","0.2411","0.241","0.2401","0.2374","0.2377","0.239","0.2358","0.2237","0.257","0.2587","0.2625","0.3117","0.3008","0.2984","0.3045","0.3106","0.3215","0.332","0.338","0.3598","0.386","0.4194","0.424","0.4358","0.4602","0.4795","0.4844","0.5154","0.4651","0.4713","0.5061","0.535","0.529","0.5425","0.582","0.5705","0.5926","0.6325","0.7022","0.6568","0.6922","0.7452","0.8759","0.9195","0.9369","0.9494","",
"Cabo Verde","CPV","Total greenhouse gas emissions excluding LULUCF (Mt CO2e)","EN.GHG.ALL.MT.CE.AR5","","","","","","","","","","","0.2283","0.2264","0.2291","0.231","0.239","0.2447","0.2527","0.2607","0.2665","0.2977","0.297","0.2904","0.1737","0.1701","0.1866","0.1928","0.1282","0.1546","0.1793","0.193","0.2157","0.2403","0.2686","0.2719","0.2689","0.298","0.2863","0.3017","0.3223","0.3424","0.5292","0.5657","0.6062","0.5439","0.5805","0.803","0.8547","0.9413","0.9172","0.9083","0.9559","1.0803","0.9568","0.9427","0.9893","1.0092","1.055","1.0987","1.0039","1.0509","0.8442","0.8726","0.9098","0.883","0.9126","",
"Costa Rica","CRI","Total greenhouse gas emissions excluding LULUCF (Mt CO2e)","EN.GHG.ALL.MT.CE.AR5","","","","","","","","","","","5.9664","6.1096","6.4695","7.0107","7.01","7.3849","7.476","8.2429","8.6633","8.8746","8.7186","8.8168","8.4378","8.7731","8.9708","8.8621","8.9362","8.9556","9.0729","9.3716","9.5949","9.8804","11.0737","11.0798","11.4995","10.9581","10.914","10.9314","11.493","11.2527","10.9881","11.1374","11.1518","11.5841","11.8563","12.2624","12.8317","13.9419","14.1231","13.9482","14.1068","14.5276","14.1283","14.4725","14.6924","14.4908","15.1719","15.5189","15.9983","15.8529","14.3477","15.4278","15.685","16.7267","17.0769","",
"Caribbean small states","CSS","Total greenhouse gas emissions excluding LULUCF (Mt CO2e)","EN.GHG.ALL.MT.CE.AR5","","","","","","","","","","","16.695","16.7981","16.7782","17.7564","17.6582","17.5105","18.2684","19.8595","20.2147","19.9811","21.0872","21.1117","21.7372","21.272","22.0406","22.3882","22.2083","22.3261","23.3255","23.631","23.8867","24.3887","24.6988","24.5165","26.6949","26.6797","27.9652","28.2586","32.2534","32.7721","32.9555","35.7235","37.214","41.5304","43.8176","50.8434","55.1376","56.4427","55.8232","54.8381","59.2779","58.9863","56.3046","55.8623","56.3582","56.2638","53.5788","52.2741","52.2432","54.5801","51.3919","50.663","52.1835","51.1395","51.4343","",
"Cuba","CUB","Total greenhouse gas emissions excluding LULUCF (Mt CO2e)","EN.GHG.ALL.MT.CE.AR5","","","","","","","","","","","42.4845","40.832","39.9425","41.7924","44.0278","45.0061","46.914","49.4396","52.168","53.2072","53.6154","54.1622","53.5258","55.8026","58.7418","55.9722","56.6909","59.6134","61.2983","62.8157","59.0318","49.7088","42.9524","39.1491","40.1499","41.1078","43.8597","46.362","45.2348","45.7257","46.0279","44.4571","43.0607","42.1516","41.31","41.5119","42.8436","43.8461","43.2677","43.7491","44.5408","44.3657","45.4924","46.0097","44.1134","46.2138","44.1408","43.1098","43.453","38.9997","34.484","37.7423","34.997","35.0999","35.9857","",
"Curacao","CUW","Total greenhouse gas emissions excluding LULUCF (Mt CO2e)","EN.GHG.ALL.MT.CE.AR5","","","","","","","","","","","","","","","","","","","","","","","","","","","","","","","","","","","","","","","","","","","","","","","","","","","","","","","","","","","","","","","","","","",
"Cayman Islands","CYM","Total greenhouse gas emissions excluding LULUCF (Mt CO2e)","EN.GHG.ALL.MT.CE.AR5","","","","","","","","","","","0.0361","0.0385","0.0472","0.0502","0.0487","0.0593","0.0579","0.0658","0.0687","0.0709","0.0733","0.0752","0.0761","0.085","0.0851","0.088","0.0967","0.1074","0.1205","0.1234","0.1298","0.128","0.1308","0.1223","0.1431","0.1499","0.1494","0.1538","0.1581","0.1606","0.1512","0.1509","0.1639","0.1721","0.1614","0.1692","0.1874","0.2305","0.2491","0.2532","0.2735","0.2251","0.2164","0.2427","0.2588","0.2784","0.2915","0.3099","0.3389","0.4254","0.3633","0.3458","0.3912","0.3927","0.4059","",
"Cyprus","CYP","Total greenhouse gas emissions excluding LULUCF (Mt CO2e)","EN.GHG.ALL.MT.CE.AR5","","","","","","","","","","","2.9681","3.0131","3.5098","3.6297","2.8887","2.8159","3.2618","3.4448","3.5854","3.7826","3.9696","3.8491","3.9393","3.9433","4.0263","3.9872","4.35","4.9447","5.0165","5.2714","5.5814","6.1216","6.5271","6.8145","7.0932","6.9855","7.3823","7.4603","7.7921","8.0719","8.3371","8.2625","8.4896","9.1693","9.1238","9.2335","9.3521","9.6652","9.8767","9.6837","9.3535","9.1367","8.604","7.9246","8.3397","8.4065","8.8287","9.0329","8.9344","8.9769","8.6129","8.7563","9.0554","9.1078","9.3432","",
"Czechia","CZE","Total greenhouse gas emissions excluding LULUCF (Mt CO2e)","EN.GHG.ALL.MT.CE.AR5","","","","","","","","","","","220.0944","221.0153","221.1157","219.3419","202.9018","210.7334","216.5952","228.4491","226.5264","236.9222","229.7947","230.1927","232.1522","233.2529","236.519","233.3289","231.8286","231.5447","227.6567","219.7439","199.5816","179.9961","172.1907","165.7469","158.003","156.9918","162.0867","158.4916","152.0616","144.0565","158.1381","158.1937","152.4268","155.5017","156.295","153.1457","154.8529","156.691","150.3402","143.2321","145.0687","142.5796","138.2693","133.7778","131.9113","133.526","134.6853","135.4786","133.859","128.1939","118.2477","123.5249","121.9162","108.8331","100.3792","",
"Germany","DEU","Total greenhouse gas emissions excluding LULUCF (Mt CO2e)","EN.GHG.ALL.MT.CE.AR5","","","","","","","","","","","1325.3148","1317.7546","1341.9601","1396.902","1363.1178","1298.8183","1361.9327","1337.8385","1379.5641","1433.043","1379.3718","1342.734","1292.203","1305.5015","1322.5721","1323.1335","1311.8178","1300.5716","1293.0854","1280.5787","1235.6329","1210.1667","1146.5932","1132.9111","1118.7802","1110.4873","1137.3094","1099.1763","1079.0992","1037.3483","1033.125","1041.6524","1021.9461","1024.3756","1007.1599","980.8167","987.4569","959.3779","958.308","892.9403","939.3062","910.5429","921.4354","938.5372","899.2232","904.2443","906.921","890.4565","859.3059","806.0433","747.0268","773.6886","758.3872","685.6584","674.3583","",
"Djibouti","DJI","Total greenhouse gas emissions excluding LULUCF (Mt CO2e)","EN.GHG.ALL.MT.CE.AR5","","","","","","","","","","","0.9826","0.9979","1.0035","1.0347","1.1102","1.1692","1.2185","1.2965","1.3402","1.4965","1.5143","1.2718","1.2229","1.132","1.0416","1.0748","1.0712","1.3138","1.2932","1.9939","1.8507","2.124","1.9616","1.9785","2.0104","2.0886","2.1553","2.1747","2.2213","2.3256","1.8682","1.8814","1.9158","1.9756","1.956","1.9349","1.9141","1.9505","2.0404","1.9345","2.0146","1.8431","2.0373","2.1361","2.1581","2.0958","2.0778","2.0224","2.0927","2.2216","2.1626","2.2602","2.3452","2.3884","2.4173","",
"Dominica","DMA","Total greenhouse gas emissions excluding LULUCF (Mt CO2e)","EN.GHG.ALL.MT.CE.AR5","","","","","","","","","","","0.0322","0.0343","0.0368","0.0381","0.0383","0.0413","0.0417","0.0442","0.0456","0.0472","0.0483","0.0538","0.0539","0.0543","0.0572","0.0596","0.0601","0.0717","0.0756","0.079","0.0795","0.0793","0.0795","0.097","0.1098","0.1176","0.1236","0.1214","0.0953","0.1212","0.1139","0.1142","0.1088","0.1162","0.1204","0.1196","0.1236","0.1375","0.1358","0.1376","0.1405","0.1245","0.1201","0.1257","0.1334","0.1388","0.1445","0.1355","0.1379","0.1533","0.1441","0.1438","0.1488","0.1493","0.1524","",
"Denmark","DNK","Total greenhouse gas emissions excluding LULUCF (Mt CO2e)","EN.GHG.ALL.MT.CE.AR5","","","","","","","","","","","80.2958","75.788","77.4512","76.9825","71.6287","73.3201","77.7265","81.0966","81.0423","84.1512","84.6309","72.4633","75.3855","73.2626","72.3122","79.8011","80.8038","78.3168","73.8622","68.7271","69.0215","79.7265","73.7117","76.3105","80.0755","77.064","90.5236","80.6331","76.5921","73.5247","69.5235","71.1002","70.2651","75.7686","69.6877","65.9709","73.1747","68.6771","64.9763","62.7426","63.1292","57.817","52.9598","54.5542","50.385","48.2385","49.984","47.703","47.6681","44.0304","41.8742","43.2563","41.5535","38.9461","38.2646","",
"Dominican Republic","DOM","Total greenhouse gas emissions excluding LULUCF (Mt CO2e)","EN.GHG.ALL.MT.CE.AR5","","","","","","","","","","","8.6469","9.2289","10.5751","10.7738","11.7556","12.2574","12.607","13.1651","13.1573","13.8114","14.0666","13.4839","13.7643","15.2603","15.5886","14.5628","15.4526","16.8799","16.9697","18.0041","16.6547","17.459","18.7112","18.777","20.4489","21.1833","22.3866","24.2932","26.4547","27.0603","27.616","28.2314","30.6239","28.3249","27.775","28.968","31.1964","32.3024","32.5613","32.1294","33.5341","33.9006","34.7882","34.4869","34.9999","37.4114","38.7951","38.0381","40.3847","43.5951","42.5129","45.8203","48.8468","49.8018","51.5808","",
"Algeria","DZA","Total greenhouse gas emissions excluding LULUCF (Mt CO2e)","EN.GHG.ALL.MT.CE.AR5","","","","","","","","","","","56.3049","59.6942","81.8045","94.5109","84.2313","80.5824","94.9769","103.3825","112.0139","113.4489","109.0937","102.3543","105.5036","108.0939","113.2958","124.042","128.8837","126.8366","126.8524","129.7728","132.0026","132.8175","142.908","145.9062","144.3706","152.5231","151.5479","142.0394","141.1603","145.3804","153.6762","142.9341","142.3188","155.9363","153.9169","158.9641","167.1979","166.8475","174.8589","170.9414","178.7394","185.3149","201.4691","206.292","218.9797","228.8334","226.6876","231.7154","240.5806","247.0899","233.8311","245.8762","255.8633","258.939","252.7","",
"East Asia & Pacific (excluding high income)","EAP","Total greenhouse gas emissions excluding LULUCF (Mt CO2e)","EN.GHG.ALL.MT.CE.AR5","","","","","","","","","","","2288.3703","2324.3641","2400.9382","2490.9219","2521.2735","2725.5883","2809.9365","3040.2493","3292.884","3381.4018","3381.215","3379.4514","3491.4591","3641.3014","3855.5882","3901.6464","4067.3014","4268.7208","4500.9702","4663.8469","4792.0468","4970.6825","5118.4761","5364.6104","5594.5187","6070.9307","6142.4732","6222.0205","6291.0301","6299.0654","6554.2125","6795.5399","7169.2318","7955.4057","8875.9797","9785.5289","10628.2812","11290.2031","11549.2637","12205.4915","13169.9513","14256.1542","14666.5981","15205.5528","15442.1294","15320.6345","15359.498","15743.1091","16466.638","16929.8107","17033.1206","17694.8676","17889.3438","18609.7081","18887.7905","",
"Early-demographic dividend","EAR","Total greenhouse gas emissions excluding LULUCF (Mt CO2e)","EN.GHG.ALL.MT.CE.AR5","","","","","","","","","","","3075.43","3105.9461","3233.3245","3428.6692","3482.0398","3559.5315","3711.2687","3853.4328","3908.4374","3988.6376","4068.7022","4139.2882","4267.5738","4366.7094","4450.3366","4553.7072","4693.7597","4854.3901","5010.4494","5188.621","5361.1106","5531.6836","5659.6738","5779.4058","6009.7677","6196.2452","6438.3492","6615.7097","6736.9018","6879.4459","7075.2847","7151.7137","7302.9471","7602.0951","7908.7161","8209.0177","8576.3208","8937.6945","9230.742","9358.5216","9703.1828","10009.1902","10407.4681","10471.628","10834.2551","10950.0444","11156.5924","11553.9903","11738.901","11871.3064","11510.5889","12122.3636","12620.4611","13059.562","13418.1761","",
"East Asia & Pacific","EAS","Total greenhouse gas emissions excluding LULUCF (Mt CO2e)","EN.GHG.ALL.MT.CE.AR5","","","","","","","","","","","3760.2564","3794.9129","3938.1364","4170.4741","4220.6039","4385.0642","4524.6878","4812.5365","5064.3129","5199.3409","5183.482","5169.7369","5253.3123","5416.7587","5747.2225","5792.3896","5974.3409","6196.2639","6548.6795","6775.9206","7016.884","7254.7904","7453.3778","7733.7277","8061.8195","8600.4313","8734.4487","8839.506","8812.7464","8904.1344","9208.9845","9450.1843","9870.8233","10661.4726","11611.4107","12529.2703","13360.9418","14086.0398","14280.4929","14879.8961","15973.7086","17161.1165","17614.3613","18159.7403","18332.6383","18181.6581","18216.2806","18625.5096","19307.4274","19705.7244","19673.636","20378.4727","20509.117","21173.2896","21426.7773","",
"Europe & Central Asia (excluding high income)","ECA","Total greenhouse gas emissions excluding LULUCF (Mt CO2e)","EN.GHG.ALL.MT.CE.AR5","","","","","","","","","","","1350.0659","1362.883","1433.9484","1512.8573","1576.6987","1650.099","1701.3463","1740.6854","1817.7057","1848.6239","1902.0757","1887.4536","1891.0661","1901.9566","1920.0377","1923.6922","1966.1648","2029.379","2040.1743","2047.7543","2200.1656","2107.1016","1930.3684","1751.4322","1554.3066","1491.6058","1395.2421","1353.4415","1350.8313","1337.6788","1376.7897","1353.5983","1403.4192","1472.7205","1481.6352","1502.0561","1583.1539","1641.3353","1686.2202","1558.6537","1642.6021","1738.0448","1739.1885","1741.6116","1666.2611","1586.3692","1645.8172","1694.2113","1723.3498","1697.3452","1717.1639","1805.0036","1712.0024","1711.5975","1726.0987","",
"Europe & Central Asia","ECS","Total greenhouse gas emissions excluding LULUCF (Mt CO2e)","EN.GHG.ALL.MT.CE.AR5","","","","","","","","","","","8607.7729","8654.097","8943.2205","9389.5262","9449.7912","9519.7728","9922.4677","10006.6305","10382.1895","10647.6347","10615.4396","10365.2945","10299.632","10335.5639","10399.2847","10498.1003","10640.7079","10808.1519","10855.7629","10848.079","11009.9865","10775.2093","10174.4259","9652.9581","9192.1205","9108.4793","9079.4512","8798.4292","8734.4116","8682.0025","8761.0911","8786.3817","8791.4816","9035.191","9060.0575","9042.4844","9153.8735","9179.3769","9087.0312","8494.4246","8813.4662","8843.6099","8812.584","8664.5131","8390.9665","8365.323","8396.5333","8502.0431","8530.0762","8365.5866","7966.6305","8422.889","8182.6832","7949.3078","7953.3194","",
"Ecuador","ECU","Total greenhouse gas emissions excluding LULUCF (Mt CO2e)","EN.GHG.ALL.MT.CE.AR5","","","","","","","","","","","12.427","11.7505","13.4039","17.2124","18.0915","18.6774","20.6408","22.296","23.8433","25.2983","26.3196","27.9789","28.2696","27.9522","29.937","31.3856","32.3558","29.2404","33.836","33.7712","35.3257","35.9926","38.4118","39.3441","41.5173","44.2189","48.5581","49.8287","47.7977","44.3388","42.7261","46.6754","46.8752","48.9518","52.7095","53.5679","56.0864","56.322","57.9155","62.0556","66.0468","66.6231","66.9629","70.2536","72.1948","70.9107","70.1102","68.6262","69.315","69.7536","63.9626","68.4667","70.8565","73.1998","74.4086","",
"Egypt, Arab Rep.","EGY","Total greenhouse gas emissions excluding LULUCF (Mt CO2e)","EN.GHG.ALL.MT.CE.AR5","","","","","","","","","","","59.1585","58.5629","59.466","56.6417","60.9888","65.5369","73.3404","77.0115","80.0727","84.0627","90.2214","97.2194","103.6174","111.325","120.2739","125.7648","128.4493","137.4807","139.0924","145.3574","149.1836","159.0324","162.0299","163.8677","159.5339","169.668","180.0639","187.4376","192.1676","205.2826","205.5179","219.4727","225.6517","230.8976","245.7041","264.5887","276.7799","291.1199","294.1135","301.7206","301.7043","311.4754","326.2503","320.1896","325.1377","331.5432","344.7621","357.5541","352.9856","326.4249","335.7242","352.548","350.4004","369.7262","386.5982","",
"Euro area","EMU","Total greenhouse gas emissions excluding LULUCF (Mt CO2e)","EN.GHG.ALL.MT.CE.AR5","","","","","","","","","","","3319.2408","3335.8974","3455.5838","3628.7566","3590.7273","3449.8461","3649.6976","3594.8109","3704.2266","3835.4867","3760.5559","3636.691","3533.1144","3520.1665","3545.0581","3533.6398","3524.7806","3543.5271","3550.773","3595.0359","3568.7685","3574.6716","3456.1093","3386.4986","3388.3056","3438.7892","3503.6206","3467.3525","3488.2749","3458.5335","3483.1003","3510.1838","3512.0243","3572.0813","3588.1345","3566.6844","3535.3192","3512.8983","3431.9596","3208.2227","3295.3482","3192.5206","3158.0097","3095.5672","2969.9324","3016.7944","3013.4965","3014.2505","2941.3379","2821.8751","2576.7349","2704.0303","2646.2564","2457.1265","2416.2729","",
"Eritrea","ERI","Total greenhouse gas emissions excluding LULUCF (Mt CO2e)","EN.GHG.ALL.MT.CE.AR5","","","","","","","","","","","4.106","4.1369","4.0877","4.1318","4.0968","4.0062","4.0081","3.9957","4.0535","4.1269","4.1786","4.242","4.2516","4.3679","4.2729","4.3784","4.4695","4.4278","4.4956","4.6315","4.7044","4.8044","5.0362","4.2558","4.4651","4.5882","5.0685","5.4616","5.2094","5.3378","5.4323","5.351","5.3057","5.4241","5.4954","5.4645","5.3164","5.5337","5.4813","5.5426","5.5367","5.8192","5.8893","5.9201","5.9738","6.0066","6.0939","6.0952","6.2094","6.2722","6.3095","6.4029","6.495","6.537","6.5793","",
"Spain","ESP","Total greenhouse gas emissions excluding LULUCF (Mt CO2e)","EN.GHG.ALL.MT.CE.AR5","","","","","","","","","","","188.7198","186.3124","199.64","213.9807","227.5326","233.865","252.6156","245.4197","246.0898","258.8852","272.191","277.1216","272.9247","275.1019","265.9839","258.8969","264.1092","262.4364","270.1914","289.6132","294.547","302.7544","310.6038","296.1112","308.8733","325.0228","317.193","339.8332","349.8661","374.3481","392.4456","389.9999","408.1296","417.1299","434.2037","448.8607","440.4548","457.4613","422.1464","381.9898","369.0798","368.7756","363.889","334.1026","332.7515","344.1544","336.159","350.3164","342.6507","324.2336","283.7113","302.6753","306.6168","286.8651","285.6383","",
"Estonia","EST","Total greenhouse gas emissions excluding LULUCF (Mt CO2e)","EN.GHG.ALL.MT.CE.AR5","","","","","","","","","","","26.1623","26.3227","28.2854","31.6768","34.811","37.4583","39.108","40.5364","42.9573","44.4864","45.9705","47.0391","47.2343","47.0672","46.08","45.3052","44.3163","43.7323","41.7274","38.4555","45.6088","41.9321","31.4634","26.3724","26.6506","24.6118","25.6109","25.1422","22.9907","21.3732","21.761","22.2561","21.5403","23.5642","24.1519","24.0826","23.4176","27.2288","25.1666","21.8173","26.7567","26.8763","25.853","28.4031","27.6318","25.9106","25.299","26.7821","28.5447","19.8753","16.0162","16.7189","18.744","14.9843","14.1292","",
"Ethiopia","ETH","Total greenhouse gas emissions excluding LULUCF (Mt CO2e)","EN.GHG.ALL.MT.CE.AR5","","","","","","","","","","","55.6581","55.9904","55.4529","56.0147","55.9337","54.397","54.2286","54.8666","55.4314","55.9425","55.9138","56.3556","57.4168","58.9978","57.5112","59.8999","63.2647","61.0578","61.9208","64.9793","66.7758","67.6669","69.5142","64.4984","67.1074","68.2238","71.6734","74.0605","79.0561","79.1454","77.0809","82.5438","90.3086","89.5895","92.1179","95.5325","101.3473","110.9999","116.4715","121.1547","126.8018","126.6654","131.8642","137.0358","143.1733","147.7179","154.2916","157.8414","162.6822","173.8742","181.5334","176.9606","180.4636","188.4469","192.704","",
"European Union","EUU","Total greenhouse gas emissions excluding LULUCF (Mt CO2e)","EN.GHG.ALL.MT.CE.AR5","","","","","","","","","","","4571.8962","4595.061","4746.0692","4964.9436","4925.7557","4839.4121","5103.7988","5093.349","5263.4063","5421.8397","5333.4924","5128.357","5044.0291","5023.4867","5062.1968","5066.2415","5065.0575","5100.573","5082.2249","5070.8464","4864.2774","4783.0809","4607.8552","4520.5484","4506.6142","4557.6539","4666.6289","4582.9381","4534.4282","4454.045","4468.6584","4500.9492","4484.5658","4578.9408","4585.1651","4552.2242","4550.1063","4518.7493","4409.4268","4118.7676","4235.0786","4127.2785","4063.4563","3973.9873","3831.0176","3885.9444","3894.3913","3915.2259","3834.9113","3683.7541","3395.6039","3572.3655","3483.1059","3222.5192","3164.6646","",
"Fragile and conflict affected situations","FCS","Total greenhouse gas emissions excluding LULUCF (Mt CO2e)","EN.GHG.ALL.MT.CE.AR5","","","","","","","","","","","1445.6914","1460.0753","1490.0224","1601.8335","1642.027","1632.9907","1741.2635","1750.6374","1812.279","1969.9943","1942.6481","1775.6246","1793.4465","1802.6627","1842.6681","1877.8856","1923.147","1967.0395","2037.4373","2090.9574","2164.571","2044.9423","2004.6168","1953.5456","1926.8382","1972.9631","1986.3044","1975.281","1929.6557","1915.4193","1992.4131","2020.8995","1965.2719","2047.7327","2058.6534","2090.7879","2087.0952","2085.3087","2123.302","2074.5728","2177.2791","2199.8075","2287.7989","2296.21","2269.3381","2200.8312","2252.3791","2280.8986","2319.5432","2346.3355","2209.6531","2268.8978","2243.2286","2280.1362","2315.2944","",
"Finland","FIN","Total greenhouse gas emissions excluding LULUCF (Mt CO2e)","EN.GHG.ALL.MT.CE.AR5","","","","","","","","","","","58.2433","57.6068","61.2453","65.6166","61.8366","61.5922","67.4984","66.9567","74.0355","74.2132","75.1014","65.4783","63.5375","62.5915","62.9447","67.0717","67.3257","72.0085","70.5338","70.5106","73.0407","73.4171","70.1413","71.6225","78.6633","75.3228","81.5896","79.6321","76.8877","76.1497","74.6876","80.7171","83.0125","91.6221","87.935","75.2059","87.4637","85.6334","76.7281","73.1198","82.9381","74.7015","68.6419","69.564","65.5626","61.7912","64.6074","61.5473","62.9803","59.607","54.3465","55.4026","54.0916","49.874","48.679","",
"Fiji","FJI","Total greenhouse gas emissions excluding LULUCF (Mt CO2e)","EN.GHG.ALL.MT.CE.AR5","","","","","","","","","","","1.3631","1.3853","1.4482","1.62","1.8414","1.6808","1.678","1.7653","1.755","1.8866","1.9856","2.042","2.0327","1.8391","1.7354","1.8578","1.9172","1.8483","1.8543","1.996","2.1304","2.0223","2.16","2.3158","2.4252","2.4638","2.5121","2.5509","2.5184","2.6108","2.7861","2.9279","2.6249","2.8551","3.3455","3.0962","3.2405","3.1065","2.6755","2.4328","3.0726","2.6149","2.5819","2.7743","2.4793","2.5391","2.5338","2.5378","2.6769","2.757","2.1479","2.3723","2.5256","2.6489","2.7509","",
"France","FRA","Total greenhouse gas emissions excluding LULUCF (Mt CO2e)","EN.GHG.ALL.MT.CE.AR5","","","","","","","","","","","634.0025","644.7202","661.4684","699.0736","680.4052","638.4789","683.1788","665.6532","683.1796","692.0037","668.9862","617.92","597.7787","581.9782","569.8401","554.1965","541.267","531.3689","528.3942","536.4456","530.9","561.6963","546.9113","524.3386","518.6118","529.1788","547.1546","533.3628","545.6449","538.1659","538.0613","542.4665","536.0793","539.6477","541.1637","541.8792","528.1981","522.8757","515.5236","501.2923","510.8051","493.1714","495.3533","490.0011","455.8541","461.6707","462.9622","465.7704","452.3491","443.9014","401.5864","430.8782","417.181","390.7429","378.1202","",
"Faroe Islands","FRO","Total greenhouse gas emissions excluding LULUCF (Mt CO2e)","EN.GHG.ALL.MT.CE.AR5","","","","","","","","","","","0.0879","0.087","0.088","0.0881","0.0883","0.0882","0.0895","0.0896","0.0894","0.0888","0.0888","0.0886","0.0885","0.0888","0.0889","0.0888","0.0889","0.0894","0.0896","0.0897","0.0901","0.0898","0.0897","0.0898","0.0898","0.0897","0.0896","0.0898","0.0897","0.0899","0.0902","0.0909","0.0911","0.0912","0.0913","0.0912","0.0911","0.0911","0.091","0.0912","0.0912","0.0915","0.0918","0.0919","0.0942","0.0944","0.0947","0.0951","0.0954","0.0953","0.0958","0.0961","0.0957","0.0965","0.0966","",
"Micronesia, Fed. Sts.","FSM","Total greenhouse gas emissions excluding LULUCF (Mt CO2e)","EN.GHG.ALL.MT.CE.AR5","","","","","","","","","","","0.0287","0.0306","0.033","0.0307","0.0288","0.0268","0.019","0.0233","0.0235","0.0239","0.0245","0.0294","0.0295","0.0296","0.0297","0.0307","0.032","0.0331","0.0342","0.035","0.0361","0.0406","0.0408","0.0409","0.041","0.0411","0.0412","0.0412","0.0412","0.0412","0.0412","0.0412","0.0412","0.0413","0.0413","0.0413","0.0413","0.0418","0.0417","0.0437","0.0437","0.046","0.0461","0.0473","0.0478","0.0485","0.0494","0.0487","0.049","0.0508","0.0513","0.0521","0.0529","0.0596","0.0614","",
"Gabon","GAB","Total greenhouse gas emissions excluding LULUCF (Mt CO2e)","EN.GHG.ALL.MT.CE.AR5","","","","","","","","","","","6.8307","7.3509","7.9204","11.8748","14.5503","16.7584","17.6232","17.3996","17.3734","16.4755","15.3888","14.5219","14.8913","14.4338","15.8204","17.0916","14.6099","13.6242","14.2387","17.3452","20.4242","19.6006","20.893","21.5506","21.0947","23.5815","26.5687","24.5359","28.5206","27.1582","27.9484","28.0148","27.0928","30.1883","27.9296","26.2776","22.6362","19.5624","21.0407","20.463","21.0057","20.7041","20.5927","20.3609","20.5388","21.3991","21.4436","19.6958","18.3445","20.2552","20.0862","19.1691","19.9382","21.5533","21.782","",
"United Kingdom","GBR","Total greenhouse gas emissions excluding LULUCF (Mt CO2e)","EN.GHG.ALL.MT.CE.AR5","","","","","","","","","","","869.8716","865.6066","845.4664","886.3658","836.5491","825.1765","832.3454","837.7262","835.7818","875.8533","811.0208","790.5636","774.0438","766.9966","722.8289","765.2291","788.6883","788.8466","785.7679","769.8552","778.1311","788.3789","770.6953","750.4329","737.4015","734.7261","755.906","735.4773","730.3316","717.6552","718.0791","724.328","705.8175","715.5774","710.5496","703.6285","698.5337","685.4283","663.2773","607.9305","622.7241","578.65","599.4118","585.7784","544.709","527.898","502.4785","490.84","482.168","464.709","421.5411","437.8694","423.3672","400.6095","386.6957","",
"Georgia","GEO","Total greenhouse gas emissions excluding LULUCF (Mt CO2e)","EN.GHG.ALL.MT.CE.AR5","","","","","","","","","","","29.3908","29.3687","31.0006","32.6777","34.1513","36.2189","36.7276","37.0849","37.9643","39.1426","40.0309","40.4227","39.9709","39.3863","39.2016","38.7857","38.4252","38.9102","38.3706","37.1536","40.8196","32.7248","26.8669","22.4923","16.2918","13.7461","12.4667","11.7555","11.1437","10.69","11.2414","9.6209","9.6897","10.2473","10.5342","11.1517","11.7858","12.6692","11.7809","12.7812","12.1896","13.6246","14.798","15.7351","16.5346","16.7896","17.2103","17.2876","17.1467","17.879","17.5275","18.5603","19.7064","19.6528","19.6028","",
"Ghana","GHA","Total greenhouse gas emissions excluding LULUCF (Mt CO2e)","EN.GHG.ALL.MT.CE.AR5","","","","","","","","","","","6.8452","6.9401","7.3585","7.4972","8.1001","8.1878","8.3101","8.4864","8.2963","8.3808","8.4216","9.0443","8.9633","7.4525","7.9219","8.5622","9.1938","9.6439","9.8628","10.5592","10.4735","10.704","11.2496","11.5771","11.9797","12.3902","13.0657","13.4218","15.1545","16.0781","15.5406","16.1554","17.5419","17.2106","17.1198","17.8766","19.8197","20.3735","22.0373","23.1533","24.4987","27.5222","30.3638","32.4705","32.6656","33.96","34.6307","38.4321","40.4575","42.6947","45.7","46.5297","46.9179","46.8225","48.0939","",
"Gibraltar","GIB","Total greenhouse gas emissions excluding LULUCF (Mt CO2e)","EN.GHG.ALL.MT.CE.AR5","","","","","","","","","","","0.0815","0.0825","0.0725","0.073","0.0731","0.0762","0.0756","0.0725","0.0694","0.0923","0.1077","0.1012","0.1114","0.1017","0.0984","0.1047","0.1307","0.1425","0.1582","0.1515","0.1579","0.2177","0.2565","0.2596","0.3044","0.298","0.3043","0.3139","0.3298","0.3424","0.3582","0.3677","0.374","0.3804","0.4122","0.4248","0.4438","0.4407","0.4501","0.4912","0.4945","0.4788","0.4884","0.5201","0.5582","0.6089","0.6347","0.673","0.7137","0.7417","0.6624","0.6647","0.6591","0.6527","0.6589","",
"Guinea","GIN","Total greenhouse gas emissions excluding LULUCF (Mt CO2e)","EN.GHG.ALL.MT.CE.AR5","","","","","","","","","","","4.3247","4.3427","4.4057","4.5305","4.6439","4.7838","4.8458","4.9057","4.9513","5.08","5.1062","5.1343","5.4163","5.567","5.5518","5.3816","5.1106","5.7679","5.9841","6.2195","6.8977","7.2112","6.7634","7.0908","7.549","7.8087","8.8503","8.1603","8.5492","9.7479","10.5001","10.7721","11.1884","11.6763","12.0936","12.5614","13.0922","13.5628","14.1558","14.7299","16.5979","16.8525","17.4332","17.8996","18.4947","19.7432","20.9597","21.6903","23.0103","24.9107","26.2912","27.1131","28.6367","28.6151","29.3759","",
"Gambia, The","GMB","Total greenhouse gas emissions excluding LULUCF (Mt CO2e)","EN.GHG.ALL.MT.CE.AR5","","","","","","","","","","","0.6052","0.6249","0.6264","0.6313","0.6502","0.6696","0.6641","0.674","0.7079","0.7244","0.7492","0.7583","0.7557","0.749","0.7419","0.7669","0.7806","0.8758","0.89","0.8831","0.9267","0.9943","0.9767","0.9879","1.0302","1.0418","1.0572","1.0588","1.088","1.1309","1.2472","1.2411","1.2665","1.3922","1.4469","1.4818","1.5434","1.5774","1.6545","1.8325","1.8794","1.7368","1.7335","1.8161","1.9297","2.0225","1.9731","1.9154","1.7617","1.8055","1.747","1.7409","1.8163","1.8424","1.8595","",
"Guinea-Bissau","GNB","Total greenhouse gas emissions excluding LULUCF (Mt CO2e)","EN.GHG.ALL.MT.CE.AR5","","","","","","","","","","","0.6731","0.6704","0.7039","0.7091","0.7622","0.8665","0.9306","0.9417","0.922","0.9596","0.9944","1.0832","1.2627","1.2415","1.2674","1.2541","1.2794","1.4028","1.4255","1.5053","1.6514","1.7259","1.719","1.7522","1.7861","1.8429","1.8647","1.8604","1.8713","1.9554","2.0011","1.9677","2.0092","2.0733","2.0943","2.1522","2.2499","2.359","2.438","2.5748","2.7031","2.7011","2.8104","2.8917","2.7553","2.8965","2.9619","2.8698","2.9734","3.0381","3.0457","3.088","3.1454","3.1488","3.1886","",
"Equatorial Guinea","GNQ","Total greenhouse gas emissions excluding LULUCF (Mt CO2e)","EN.GHG.ALL.MT.CE.AR5","","","","","","","","","","","0.1251","0.1255","0.1315","0.1087","0.1155","0.119","0.1224","0.123","0.159","0.157","0.1624","0.1732","0.171","0.1449","0.1568","0.1482","0.1565","0.1774","0.1753","0.192","0.1852","0.1926","0.195","0.213","2.8209","3.2123","5.3322","7.6381","9.4809","10.3766","12.0666","13.3403","10.4844","11.7233","16.1846","15.595","16.9413","18.1334","16.9897","14.3462","14.991","15.0466","14.8438","13.9883","14.0647","14.2815","13.1735","11.7778","10.6495","10.0244","9.7695","9.2975","9.1255","7.9747","8.1387","",
"Greece","GRC","Total greenhouse gas emissions excluding LULUCF (Mt CO2e)","EN.GHG.ALL.MT.CE.AR5","","","","","","","","","","","44.5575","46.1312","53.5013","56.9159","57.109","59.1376","64.4063","66.6396","69.5606","72.9648","73.1746","72.7359","74.3372","78.0009","79.9119","83.3777","82.9312","87.9811","92.9204","97.5458","98.2936","98.0622","99.9444","99.9288","102.4165","106.7037","107.5829","108.7333","112.8308","113.9144","120.0041","120.7954","121.3174","124.6191","124.7129","126.783","123.3417","127.7455","123.2312","117.4857","110.7949","107.934","103.4296","95.8496","93.0221","91.4404","89.9567","90.4258","87.9204","82.0806","72.2833","73.506","74.6243","70.598","71.5001","",
"Grenada","GRD","Total greenhouse gas emissions excluding LULUCF (Mt CO2e)","EN.GHG.ALL.MT.CE.AR5","","","","","","","","","","","0.0523","0.0546","0.055","0.0558","0.0532","0.0543","0.0554","0.0581","0.0596","0.0591","0.0589","0.0635","0.0625","0.0623","0.0639","0.0631","0.066","0.0726","0.0758","0.0764","0.0928","0.0933","0.0953","0.1025","0.1134","0.1071","0.1118","0.137","0.126","0.1278","0.1037","0.1051","0.1106","0.1179","0.1146","0.1204","0.1307","0.1408","0.1498","0.1573","0.1696","0.1423","0.1456","0.174","0.1621","0.1698","0.1807","0.1817","0.1983","0.237","0.2107","0.2184","0.2289","0.2336","0.241","",
"Greenland","GRL","Total greenhouse gas emissions excluding LULUCF (Mt CO2e)","EN.GHG.ALL.MT.CE.AR5","","","","","","","","","","","0.0565","0.0575","0.0586","0.0552","0.056","0.0563","0.0563","0.0548","0.0557","0.056","0.0566","0.0579","0.0585","0.0587","0.0588","0.0593","0.0597","0.0601","0.0604","0.0608","0.0611","0.0611","0.0611","0.061","0.0608","0.0607","0.0606","0.0603","0.0603","0.0601","0.0593","0.0595","0.0593","0.0597","0.6685","0.6756","0.6896","0.6801","0.6973","0.6148","0.7079","0.7484","0.6037","0.6025","0.5454","0.5845","0.5809","0.5681","0.573","0.5887","0.592","0.6132","0.6555","0.65","0.6593","",
"Guatemala","GTM","Total greenhouse gas emissions excluding LULUCF (Mt CO2e)","EN.GHG.ALL.MT.CE.AR5","","","","","","","","","","","8.3488","8.7805","9.3819","9.5581","9.4735","9.9036","9.5572","10.451","11.0547","11.7715","12.2538","11.8604","11.5336","11.4025","11.7024","12.0263","11.7005","12.1139","12.2785","12.7032","13.0797","13.673","14.8336","15.8273","16.2136","17.4303","17.4179","18.0545","19.9679","20.5743","21.6452","22.525","23.6303","23.5042","24.3317","25.6291","26.2443","27.3181","26.7725","28.1106","28.2108","28.7971","29.7714","31.4487","33.1371","36.2339","37.8414","37.3122","39.5869","40.9733","39.5449","42.5174","41.4873","42.9929","43.4722","",
"Guam","GUM","Total greenhouse gas emissions excluding LULUCF (Mt CO2e)","EN.GHG.ALL.MT.CE.AR5","","","","","","","","","","","0.0268","0.0224","0.022","0.0215","0.0193","0.0189","0.0158","0.016","0.0162","0.0162","0.0157","0.0162","0.0156","0.0162","0.0163","0.0161","0.0162","0.0163","0.0168","0.0128","0.0122","0.0123","0.0125","0.0127","0.0128","0.0129","0.0129","0.0131","0.0131","0.0133","0.0134","0.0153","0.0155","0.0155","0.0156","0.0156","0.0156","0.0157","0.0157","0.0157","0.0158","0.016","0.0163","0.0163","0.0164","0.0165","0.0166","0.0168","0.017","0.0171","0.0174","0.0174","0.0176","0.0177","0.018","",
"Guyana","GUY","Total greenhouse gas emissions excluding LULUCF (Mt CO2e)","EN.GHG.ALL.MT.CE.AR5","","","","","","","","","","","3.0183","3.0141","2.9602","3.2808","3.2927","3.6704","3.4431","3.714","3.4955","3.1226","3.3304","3.3267","3.1291","2.8536","3.0444","2.9028","2.852","2.828","2.8686","2.6503","2.4717","2.6098","2.6621","2.8277","3.131","3.4874","3.5654","3.7649","3.7041","3.774","3.5131","3.4716","3.3254","3.5311","3.4738","3.193","3.0168","3.3266","3.4012","3.4889","3.6969","3.8229","4.0429","4.188","4.4616","4.5596","4.6331","4.7876","4.8584","5.1926","6.2556","6.3094","7.7908","8.586","8.7309","",
"High income","HIC","Total greenhouse gas emissions excluding LULUCF (Mt CO2e)","EN.GHG.ALL.MT.CE.AR5","","","","","","","","","","","15453.5078","15396.884","16026.7055","16816.0423","16638.4872","16358.2583","17082.2761","17378.2556","17693.9805","18078.9008","17766.4784","17388.7036","16972.7453","16976.395","17365.0386","17457.8417","17546.4126","17868.7141","18336.017","18499.6809","18486.6909","18374.7583","18143.6042","18007.1261","18019.7963","18155.8134","18517.7806","18639.295","18561.9632","18646.4115","18955.9419","18963.5557","18851.7818","19188.6508","19364.9036","19419.1258","19365.8861","19559.6003","19229.8058","18229.5024","18957.323","18883.8446","18733.7068","18771.675","18612.0053","18571.4078","18432.7141","18468.088","18613.0932","18317.489","17112.413","17882.567","17837.9516","17381.3433","17426.5283","",
"Hong Kong SAR, China","HKG","Total greenhouse gas emissions excluding LULUCF (Mt CO2e)","EN.GHG.ALL.MT.CE.AR5","","","","","","","","","","","11.596","11.8309","12.1689","12.2797","13.7717","13.7131","15.6822","17.908","19.069","18.1907","18.7494","20.0001","22.4061","25.9773","28.5168","29.6729","33.6472","33.709","37.3559","38.4046","39.2454","42.8758","47.9249","48.9442","42.5962","43.0589","40.4693","38.8199","47.236","50.4132","46.6437","46.5067","45.5224","49.1286","45.298","47.6275","47.1061","49.1864","47.9182","50.021","47.1274","50.1637","49.6625","51.2224","52.6497","49.3688","50.2764","49.4158","49.396","48.9478","39.5989","40.028","37.6408","39.7307","40.3071","",
"Honduras","HND","Total greenhouse gas emissions excluding LULUCF (Mt CO2e)","EN.GHG.ALL.MT.CE.AR5","","","","","","","","","","","5.2785","5.3594","5.4892","5.6553","5.8905","6.0909","6.24","6.4721","6.5835","6.7613","6.9728","6.9869","7.0445","8.094","8.4734","8.2407","8.2369","8.4199","8.5197","8.6962","8.6065","8.7041","9.0522","8.8245","9.6727","10.079","10.4146","10.5518","11.07","10.53","10.9713","12.0638","13.289","14.8471","15.9352","15.0826","16.2338","17.495","17.8039","17.8018","17.8642","19.1192","19.7832","20.1678","20.1338","21.1974","20.2606","19.7636","19.6329","21.0585","20.4058","21.739","22.2038","23.7822","24.3871","",
"Heavily indebted poor countries (HIPC)","HPC","Total greenhouse gas emissions excluding LULUCF (Mt CO2e)","EN.GHG.ALL.MT.CE.AR5","","","","","","","","","","","356.645","359.4947","365.0724","378.5157","385.477","386.6524","398.8648","399.5072","408.2013","415.0255","424.6406","434.487","463.2663","471.1951","466.783","476.2951","479.0803","481.1582","489.3732","499.4543","512.6781","519.3387","531.2366","538.9555","553.6776","562.8818","585.8677","600.1006","625.7113","644.4974","656.452","671.7254","686.7176","712.5075","733.5299","763.1762","788.1786","815.6874","849.1063","877.146","915.395","944.6099","987.1663","1018.2932","1051.4947","1091.5388","1128.626","1160.9407","1200.9761","1245.6412","1265.3225","1307.8448","1347.8722","1380.275","1413.2016","",
"Croatia","HRV","Total greenhouse gas emissions excluding LULUCF (Mt CO2e)","EN.GHG.ALL.MT.CE.AR5","","","","","","","","","","","22.7391","23.4627","22.9238","24.7555","26.7116","28.0316","27.8976","28.2272","29.7642","30.9858","29.2183","31.2593","32.7228","36.5692","37.3999","38.0481","40.559","39.7515","42.5584","40.7096","32.8304","25.6845","23.4461","23.291","22.401","22.9042","23.7286","25.0132","24.9097","25.9161","25.4136","26.4732","27.202","28.7411","29.2222","29.285","29.7151","31.2597","30.126","28.3013","27.8346","27.5437","25.9947","25.5867","24.9453","25.5777","26.1126","26.788","25.7117","26.0109","25.435","25.538","25.3947","26.8024","26.8418","",
"Haiti","HTI","Total greenhouse gas emissions excluding LULUCF (Mt CO2e)","EN.GHG.ALL.MT.CE.AR5","","","","","","","","","","","6.1017","6.2386","6.3304","6.3288","6.2967","6.2795","6.5528","6.6446","6.8471","6.9243","6.9971","6.9533","7.1567","7.3226","7.3748","7.3422","7.2436","7.2364","7.2562","7.2039","7.248","7.447","7.8497","7.5754","7.1305","7.9455","8.2461","8.7469","8.9464","9.1355","9.648","9.7465","10.0576","10.1283","10.073","10.2609","10.417","10.9483","11.0612","11.2224","11.885","12.4396","12.4418","12.7205","13.0259","13.3702","13.6687","13.6925","13.9406","13.8248","13.5144","13.4634","13.4805","13.6153","13.7823","",
"Hungary","HUN","Total greenhouse gas emissions excluding LULUCF (Mt CO2e)","EN.GHG.ALL.MT.CE.AR5","","","","","","","","","","","91.0259","93.3044","95.0829","100.3294","103.175","105.2138","109.3678","114.2398","123.2782","122.1784","121.0858","120.1318","120.7051","116.8142","118.3798","117.4318","114.7551","116.0431","110.7103","107.3847","96.4291","90.4436","80.436","81.2542","81.062","80.1674","82.5558","81.169","80.6422","81.2529","78.3933","80.3481","78.8041","81.7304","80.8987","81.2411","80.3183","77.7615","75.4517","69.2622","70.0197","69.3014","65.548","62.9559","63.1669","66.1078","66.905","69.8689","70.1115","70.3185","68.681","69.9447","65.5641","60.9502","60.4529","",
"IBRD only","IBD","Total greenhouse gas emissions excluding LULUCF (Mt CO2e)","EN.GHG.ALL.MT.CE.AR5","","","","","","","","","","","8626.277","8730.2059","9075.0589","9556.0289","9823.6688","10318.4879","10766.5003","11191.7952","11745.1052","12004.7367","12117.0987","11989.8213","12278.8972","12560.9064","12980.8546","13183.1417","13593.8761","14097.0777","14540.4085","14846.3204","15182.8383","15200.7704","15077.7489","15045.8969","15076.1902","15605.0809","15708.1347","15794.2442","15862.2134","15947.5868","16389.4211","16686.0562","17164.2886","18333.3404","19580.9964","20725.3313","21910.3777","22908.9268","23454.6513","23908.8623","25382.3545","26866.1413","27669.9156","28279.6635","28662.2021","28531.8836","28720.5972","29387.4276","30361.66","30872.9332","30438.093","31963.0869","32331.105","33415.7139","33993.5796","",
"IDA & IBRD total","IBT","Total greenhouse gas emissions excluding LULUCF (Mt CO2e)","EN.GHG.ALL.MT.CE.AR5","","","","","","","","","","","9555.36589999999","9677.32000000001","10065.2138","10600.3639","10922.7631","11388.7294","11890.2852","12325.5947","12896.9674","13243.9552","13354.6575","13189.9701","13513.9872","13816.7173","14260.0118","14502.9534","14944.9725","15467.8765","15959.5257","16318.7936","16707.1827","16751.8615","16664.1344","16650.8369","16728.0056","17322.3677","17529.3765","17606.4449","17703.1532","17826.3099","18340.7846","18671.2182","19129.2396","20377.0009","21672.4703","22883.5111","24114.3376","25168.3528","25774.5945","26237.2256","27796.5452","29350.956","30179.5357","30832.7403","31285.9748","31201.1802","31491.4927","32250.7676","33267.2905","33862.1039","33478.0317","35099.6234","35507.9315","36601.6871","37251.4965","",
"IDA total","IDA","Total greenhouse gas emissions excluding LULUCF (Mt CO2e)","EN.GHG.ALL.MT.CE.AR5","","","","","","","","","","","929.0889","947.1141","990.1549","1044.335","1099.0943","1070.2415","1123.7849","1133.7995","1151.8622","1239.2185","1237.5588","1200.1488","1235.09","1255.8109","1279.1572","1319.8117","1351.0964","1370.7988","1419.1172","1472.4732","1524.3444","1551.0911","1586.3855","1604.94","1651.8154","1717.2868","1821.2418","1812.2007","1840.9398","1878.7231","1951.3635","1985.162","1964.951","2043.6605","2091.4739","2158.1798","2203.9599","2259.426","2319.9432","2328.3633","2414.1907","2484.8147","2509.6201","2553.0768","2623.7727","2669.2966","2770.8955","2863.34","2905.6305","2989.1707","3039.9387","3136.5365","3176.8265","3185.9732","3257.9169","",
"IDA blend","IDB","Total greenhouse gas emissions excluding LULUCF (Mt CO2e)","EN.GHG.ALL.MT.CE.AR5","","","","","","","","","","","405.118","423.818","465.8357","514.3544","561.3169","514.1905","553.6671","552.2232","552.9855","626.9685","613.2587","563.3656","565.6704","576.2195","603.2184","634.6419","654.0559","660.2405","688.8748","728.2467","750.7222","765.504","791.773","803.7969","828.8903","868.169","947.5018","926.8245","925.0362","930.4181","980.1094","995.2546","950.3783","985.9108","1005.8214","1017.3076","1023.7857","1032.0077","1053.2402","1028.6225","1068.9888","1110.8791","1103.7409","1124.621","1148.7706","1159.4973","1200.6932","1223.2313","1235.9029","1268.9352","1294.9984","1331.6169","1338.5344","1328.1555","1365.8613","",
"Indonesia","IDN","Total greenhouse gas emissions excluding LULUCF (Mt CO2e)","EN.GHG.ALL.MT.CE.AR5","","","","","","","","","","","135.0523","137.8708","147.9684","161.8393","169.3313","170.1356","180.2496","206.4891","222.5825","230.0343","235.1234","244.9484","238.908","247.3259","258.9871","266.9892","284.1102","286.9611","299.4817","311.6564","338.0413","358.7657","377.0025","395.7266","415.0115","445.0828","469.8354","495.0321","493.6591","506.8224","513.0698","536.2554","543.4418","573.261","585.3283","593.1621","626.634","650.3157","653.1794","685.3767","722.9382","822.6221","842.7423","808.4225","851.9192","853.1222","851.5311","905.8894","1002.7634","1062.2685","1007.1478","1037.2806","1181.2992","1261.3223","1323.7779","",
"IDA only","IDX","Total greenhouse gas emissions excluding LULUCF (Mt CO2e)","EN.GHG.ALL.MT.CE.AR5","","","","","","","","","","","523.9709","523.2961","524.3192","529.9806","537.7774","556.051","570.1178","581.5763","598.8767","612.25","624.3001","636.7832","669.4196","679.5914","675.9388","685.1698","697.0405","710.5583","730.2424","744.2265","773.6222","785.5871","794.6125","801.1431","822.9251","849.1178","873.74","885.3762","915.9036","948.305","971.254100000001","989.9074","1014.5727","1057.7497","1085.6525","1140.8722","1180.1742","1227.4183","1266.703","1299.7408","1345.2019","1373.9356","1405.8792","1428.4558","1475.0021","1509.7993","1570.2023","1640.1087","1669.7276","1720.2355","1744.9403","1804.9196","1838.2921","1857.8177","1892.0556","",
"Isle of Man","IMN","Total greenhouse gas emissions excluding LULUCF (Mt CO2e)","EN.GHG.ALL.MT.CE.AR5","","","","","","","","","","","","","","","","","","","","","","","","","","","","","","","","","","","","","","","","","","","","","","","","","","","","","","","","","","","","","","","","","","",
"India","IND","Total greenhouse gas emissions excluding LULUCF (Mt CO2e)","EN.GHG.ALL.MT.CE.AR5","","","","","","","","","","","733.2441","739.1024","751.0277","758.9521","780.7095","814.2127","836.7847","858.755","863.23","888.5302","921.6746","970.8799","996.4303","1047.3822","1101.1985","1133.7802","1195.6476","1231.5536","1302.0969","1360.5013","1353.6526","1412.2686","1445.5969","1478.087","1532.6947","1596.6577","1644.4354","1700.9698","1731.4029","1800.6873","1835.5597","1859.4487","1888.1986","1938.2256","2040.7615","2111.743","2216.1962","2359.3109","2486.3897","2595.4144","2722.6207","2858.4621","3037.4947","3074.139","3254.3163","3310.4591","3353.9184","3495.5015","3634.4229","3641.2932","3461.05","3719.5632","3961.5256","4206.3289","4371.1693","",
"Not classified","INX","Total greenhouse gas emissions excluding LULUCF (Mt CO2e)","EN.GHG.ALL.MT.CE.AR5","","","","","","","","","","","","","","","","","","","","","","","","","","","","","","","","","","","","","","","","","","","","","","","","","","","","","","","","","","","","","","","","","","",
"Ireland","IRL","Total greenhouse gas emissions excluding LULUCF (Mt CO2e)","EN.GHG.ALL.MT.CE.AR5","","","","","","","","","","","41.3153","44.2947","44.0137","44.5879","47.53","46.1883","46.4527","48.7257","48.9923","53.4352","52.516","51.6087","51.5055","51.611","51.8922","53.6069","54.8159","56.0932","55.2887","56.932","58.952","59.625","59.7344","60.501","61.9987","62.749","64.2956","65.7624","68.5316","70.6099","74.3616","76.7943","75.7068","76.0858","75.93","77.9148","78.3503","76.8964","76.1474","71.245","70.197","65.8499","67.2415","66.3444","66.1969","67.7868","70.804","69.9073","67.2065","65.2785","62.9056","65.1008","63.8576","60.358","59.6778","",
"Iran, Islamic Rep.","IRN","Total greenhouse gas emissions excluding LULUCF (Mt CO2e)","EN.GHG.ALL.MT.CE.AR5","","","","","","","","","","","218.5458","224.4125","247.4453","287.1525","299.2443","285.7266","319.0379","320.8553","307.6446","248.9807","187.3897","183.1845","229.5088","254.0115","246.9614","260.93","245.9822","262.4141","264.4088","294.0448","331.2837","375.9807","400.015","398.496","437.6362","438.4144","456.7886","470.4252","455.6179","481.5489","511.3773","516.9483","533.2751","580.3041","607.849","650.6803","697.2037","721.2231","737.0249","757.6978","767.5997","776.1627","766.3045","786.3816","800.2234","793.3321","837.8615","866.9868","856.6916","891.3642","909.9382","974.1072","989.8646","1030.0947","1054.7651","",
"Iraq","IRQ","Total greenhouse gas emissions excluding LULUCF (Mt CO2e)","EN.GHG.ALL.MT.CE.AR5","","","","","","","","","","","103.5209","107.7095","98.292","123.4901","123.4841","140.019","156.3506","149.7602","163.737","212.5392","173.7364","90.8721","94.2401","97.6882","112.2606","129.2112","147.2705","164.2025","195.541","211.8413","171.7182","78.3949","106.6003","136.3952","148.3037","148.3929","138.1618","177.2483","158.9374","148.0879","167.8514","181.6744","169.9498","152.201","170.8699","164.5208","164.1469","154.4379","171.4978","187.344","210.5342","223.7886","253.3531","265.3034","265.4772","275.9163","325.512","339.8682","357.4645","377.1266","345.6178","361.8167","399.1675","405.1732","413.2764","",
"Iceland","ISL","Total greenhouse gas emissions excluding LULUCF (Mt CO2e)","EN.GHG.ALL.MT.CE.AR5","","","","","","","","","","","3.2368","3.3765","3.6828","4.3794","4.3082","4.0443","4.1388","4.2877","4.414","4.4605","4.2456","4.172","3.8679","3.924","4.2148","4.0249","4.0734","4.21","4.3252","4.4333","4.4134","4.388","3.307","3.4264","3.5599","3.3794","3.6799","3.6158","3.77","3.8295","3.938","4.0491","4.2446","4.2178","4.3019","4.2134","4.3974","4.7551","5.0503","5.066","5.0004","4.8643","4.8583","4.8977","4.6428","4.8384","4.3577","4.5079","4.4755","4.3365","4.2278","4.2604","4.3017","4.2461","4.2824","",
"Israel","ISR","Total greenhouse gas emissions excluding LULUCF (Mt CO2e)","EN.GHG.ALL.MT.CE.AR5","","","","","","","","","","","72.7477","73.0275","76.8195","77.8363","60.9517","83.5262","23.3453","24.2024","25.493","25.9331","25.8408","26.8355","27.951","28.9391","29.9406","31.7259","34.1545","36.8847","39.0647","40.4189","41.9274","42.6965","45.4951","49.4892","53.0654","56.4849","59.842","61.7397","62.8808","64.502","69.1171","69.2239","72.4944","74.2971","74.1409","72.1469","75.401","78.0221","79.5136","77.972","83.7245","83.7735","90.5999","82.0354","79.467","82.8643","83.2455","83.2849","79.9149","82.3747","78.8622","78.5212","81.8631","79.0534","76.6207","",
"Italy","ITA","Total greenhouse gas emissions excluding LULUCF (Mt CO2e)","EN.GHG.ALL.MT.CE.AR5","","","","","","","","","","","386.4201","401.6608","419.076","443.5398","444.5354","427.1135","456.4603","445.6692","455.7319","472.5661","474.7363","462.2459","453.0174","445.9466","455.3292","456.0739","459.2135","485.196","486.0659","503.4149","504.6509","501.9444","499.6865","493.2172","488.694","514.6362","510.5144","514.7007","524.161","531.1724","538.1551","536.3577","545.6398","566.2548","577.0068","578.7357","567.1625","560.6504","545.7313","494.5056","505.5662","494.9934","476.6948","442.7417","423.617","433.5335","429.2273","426.1244","421.8733","413.4916","375.4962","408.9319","408.0605","378.5108","371.1717","",
"Jamaica","JAM","Total greenhouse gas emissions excluding LULUCF (Mt CO2e)","EN.GHG.ALL.MT.CE.AR5","","","","","","","","","","","9.2387","9.2355","9.2012","9.7515","10.0668","8.6679","7.8351","8.4602","8.6228","8.3439","8.1202","8.0246","7.0724","7.2362","6.8859","6.2355","6.0946","6.2687","6.4808","7.9141","9.2503","9.2256","10.0338","10.1853","10.2359","10.5794","10.9164","11.1029","11.6189","11.9116","11.9797","12.0473","12.0046","12.367","12.3317","12.3066","13.7149","13.6136","11.208","9.3614","8.9744","8.9137","8.3326","8.7997","8.5421","8.4177","8.944","8.6448","10.0498","9.7708","7.2194","7.7907","8.8444","9.0424","9.4247","",
"Jordan","JOR","Total greenhouse gas emissions excluding LULUCF (Mt CO2e)","EN.GHG.ALL.MT.CE.AR5","","","","","","","","","","","3.5653","3.675","3.2784","3.6454","3.8758","4.2","4.7889","4.966","5.8542","6.2548","7.6342","8.7283","9.2445","10.5078","11.4124","11.7646","12.3634","13.7499","13.4419","11.4415","12.1209","12.436","14.5677","15.1484","15.6803","16.6518","17.0003","17.5505","17.8655","18.0177","19.7047","19.9307","20.8601","21.5213","23.1108","24.7654","25.1412","26.239","25.9125","26.4352","26.1457","26.9486","30.7419","30.4656","32.6122","32.6537","32.834","34.3792","33.3725","31.8992","29.9987","31.3062","33.3384","34.4007","34.8557","",
"Japan","JPN","Total greenhouse gas emissions excluding LULUCF (Mt CO2e)","EN.GHG.ALL.MT.CE.AR5","","","","","","","","","","","979.6099","972.5575","1018.1085","1133.0411","1127.9922","1070.9944","1107.0127","1137.1914","1134.3743","1161.2865","1132.5791","1108.2077","1066.55","1071.0231","1145.4073","1118.1814","1114.9774","1118.9971","1194.0145","1225.8239","1295.8448","1310.2737","1320.9989","1317.0289","1380.2947","1399.2975","1414.6749","1396.8348","1342.2103","1373.2727","1377.7822","1356.373","1384.7552","1389.2192","1380.3906","1389.6047","1359.7126","1393.909","1319.317","1250.6457","1313.1602","1363.1798","1401.3418","1417.7406","1366.6674","1324.4225","1320.9354","1305.6904","1254.5984","1215.1408","1151.0677","1172.1252","1142.3046","1094.0243","1063.3358","",
"Kazakhstan","KAZ","Total greenhouse gas emissions excluding LULUCF (Mt CO2e)","EN.GHG.ALL.MT.CE.AR5","","","","","","","","","","","262.3785","263.1524","276.5642","292.0367","300.8672","312.1538","320.2896","323.3461","337.0717","341.5716","349.4122","333.3146","323.3313","318.3153","315.0473","303.7926","305.3862","321.0834","328.7428","327.7003","342.2679","348.4124","352.7858","307.3451","273.8448","237.1624","208.1916","181.0356","180.6","165.692","172.3085","171.7802","187.7578","207.6315","222.2894","237.2564","263.5729","274.7758","308.1772","283.7872","304.0154","327.4902","322.8188","340.3623","298.219","262.9736","278.6123","293.3193","298.6795","288.1337","296.3528","315.6438","322.9322","326.8629","330.3933","",
"Kenya","KEN","Total greenhouse gas emissions excluding LULUCF (Mt CO2e)","EN.GHG.ALL.MT.CE.AR5","","","","","","","","","","","22.9345","23.3633","24.0417","24.4219","24.745","24.988","25.3701","26.141","27.7546","29.5442","28.1473","27.9455","29.6475","31.7671","33.3442","33.2701","34.4642","34.7904","36.6213","38.0015","38.4578","37.6048","38.0086","38.4024","38.95","39.5748","38.7357","38.6541","39.6303","42.4108","41.3838","42.3124","44.7083","46.0406","50.411","52.8981","51.6324","71.4349","76.1789","75.1535","78.7376","79.5436","77.9369","77.881","79.97","82.1334","88.4378","85.5445","88.4354","97.2202","108.5772","102.1602","105.1551","100.5761","102.8362","",
"Kyrgyz Republic","KGZ","Total greenhouse gas emissions excluding LULUCF (Mt CO2e)","EN.GHG.ALL.MT.CE.AR5","","","","","","","","","","","22.9885","23.3352","24.4837","25.479","26.4744","27.7346","28.4466","29.0192","30.1568","30.7977","32.0051","31.038","29.9946","28.9946","28.2071","27.6875","27.6564","29.512","30.1521","30.2225","33.3673","30.6282","22.6373","18.2517","13.7378","10.5344","11.3394","11.7154","12.0875","10.932","10.8985","10.0789","11.1678","11.8537","11.7982","11.8947","11.9901","13.3461","14.7395","14.6311","14.3576","16.4021","18.5915","18.5021","19.4006","19.871","19.631","19.9968","22.1291","21.2258","20.3994","21.829","21.9535","21.7171","22.369","",
"Cambodia","KHM","Total greenhouse gas emissions excluding LULUCF (Mt CO2e)","EN.GHG.ALL.MT.CE.AR5","","","","","","","","","","","16.4298","13.8234","11.6621","9.2666","7.8776","8.0062","6.9935","6.3676","6.16","5.6067","7.8467","7.6582","10.11","10.4892","9.0109","10.7565","11.7365","11.5468","13.2443","14.3058","14.577","14.5472","14.9103","15.3677","14.8238","19.009","19.1468","19.4936","19.6677","20.3701","20.4515","21.006","20.8929","22.8711","22.3969","25.1485","26.5989","27.8734","28.7927","30.3086","30.9733","32.1391","32.0027","31.9833","33.4022","35.1735","37.8724","39.8201","40.6867","44.0007","46.9569","48.3369","47.1042","48.9818","49.8348","",
"Kiribati","KIR","Total greenhouse gas emissions excluding LULUCF (Mt CO2e)","EN.GHG.ALL.MT.CE.AR5","","","","","","","","","","","0.0278","0.0283","0.03","0.0345","0.0404","0.0356","0.0356","0.0373","0.0374","0.0397","0.0422","0.042","0.0419","0.0418","0.0262","0.0279","0.0267","0.0314","0.0317","0.0314","0.0331","0.0335","0.0353","0.0358","0.0365","0.0348","0.0355","0.0364","0.0374","0.0377","0.0522","0.0493","0.0644","0.0663","0.0684","0.0844","0.0895","0.0856","0.0933","0.0829","0.0866","0.0829","0.0824","0.0872","0.0882","0.0907","0.097","0.0988","0.1063","0.1074","0.1059","0.1138","0.1099","0.1108","0.1152","",
"St. Kitts and Nevis","KNA","Total greenhouse gas emissions excluding LULUCF (Mt CO2e)","EN.GHG.ALL.MT.CE.AR5","","","","","","","","","","","0.0585","0.0599","0.063","0.0626","0.0609","0.0642","0.0642","0.0664","0.0665","0.0663","0.0655","0.0644","0.0632","0.0614","0.0634","0.0626","0.0602","0.0608","0.0629","0.0623","0.0599","0.0669","0.0682","0.0732","0.0798","0.0735","0.0799","0.0834","0.084","0.0843","0.0942","0.0957","0.1034","0.1059","0.1125","0.1067","0.1125","0.1212","0.1267","0.137","0.1454","0.1239","0.1175","0.1288","0.1344","0.1401","0.1497","0.1422","0.1504","0.1706","0.1604","0.1633","0.1841","0.1793","0.1855","",
"Korea, Rep.","KOR","Total greenhouse gas emissions excluding LULUCF (Mt CO2e)","EN.GHG.ALL.MT.CE.AR5","","","","","","","","","","","91.1557","92.1769","94.5697","111.676","118.3351","127.3252","137.5903","153.668","161.919","179.327","181.0457","188.7931","188.6109","204.4179","227.8089","238.4918","247.7506","253.2776","279.8676","290.422","311.4021","346.7034","377.4988","403.1215","433.9369","466.4078","499.7577","527.4616","454.9856","496.6093","530.145","537.2944","554.1731","560.1427","578.4585","575.1152","583.4006","603.9762","616.3361","621.1425","682.955","716.3897","715.6023","712.9624","702.5531","714.5938","719.5214","738.1912","754.5223","729.0696","695.1271","719.2806","694.8783","670.1146","668.2453","",
"Kuwait","KWT","Total greenhouse gas emissions excluding LULUCF (Mt CO2e)","EN.GHG.ALL.MT.CE.AR5","","","","","","","","","","","80.6521","83.2353","86.6611","78.9492","66.0589","55.8796","57.3063","54.8192","61.5011","71.557","58.6538","49.8845","48.0882","54.0583","56.3689","59.0489","65.5749","70.7785","81.26","94.876","50.5549","45.8631","45.9509","64.3092","72.9465","70.7908","71.2708","75.9411","77.1943","79.3428","89.5959","91.2729","94.6177","105.1934","110.0542","121.8014","125.3102","121.437","126.2487","124.5391","126.712","135.488","138.7913","140.765","139.4418","143.8243","149.0398","146.7045","150.353","148.8155","144.0527","152.3926","159.6228","167.8877","173.3307","",
"Latin America & Caribbean (excluding high income)","LAC","Total greenhouse gas emissions excluding LULUCF (Mt CO2e)","EN.GHG.ALL.MT.CE.AR5","","","","","","","","","","","1025.0557","1039.3127","1090.81","1150.4233","1207.3165","1249.0213","1320.3152","1367.6488","1411.2742","1458.6421","1513.9418","1522.506","1552.9708","1542.6978","1577.7756","1601.6377","1641.6839","1685.4286","1719.2425","1754.7729","1737.008","1780.1791","1815.7574","1866.4054","1940.0421","1971.6386","2015.8422","2092.1015","2140.0047","2137.4758","2185.7186","2194.091","2226.1227","2307.4434","2394.4411","2447.2209","2497.9268","2557.5567","2607.0423","2561.3093","2682.2008","2749.502","2811.9361","2868.6178","2899.6717","2913.5069","2909.8109","2919.1298","2890.7442","2923.717","2818.6858","2981.1871","3005.3464","3059.8789","3079.6021","",
"Lao PDR","LAO","Total greenhouse gas emissions excluding LULUCF (Mt CO2e)","EN.GHG.ALL.MT.CE.AR5","","","","","","","","","","","4.732","4.5964","4.5342","4.5529","4.6452","4.522","4.0596","4.2894","4.4673","4.9059","5.4798","5.3633","5.6094","5.4803","5.7501","5.7624","5.9188","5.8612","5.8801","6.2291","6.7715","6.7957","7.1654","7.2546","7.6685","7.7516","8.0139","8.2464","7.925","7.8508","8.8955","9.2538","9.5804","9.8748","10.4571","10.2919","10.8469","11.4749","12.002","12.9894","13.8349","13.8427","14.8397","15.4801","16.3752","21.3747","29.0464","32.4116","33.115","32.9641","33.5218","37.8538","38.4988","41.1732","41.5496","",
"Lebanon","LBN","Total greenhouse gas emissions excluding LULUCF (Mt CO2e)","EN.GHG.ALL.MT.CE.AR5","","","","","","","","","","","6.7266","6.8942","7.453","8.8943","8.9403","8.0304","7.6533","6.8184","8.1037","8.9568","9.1074","9.2318","7.2369","7.6125","7.7723","8.7939","9.2111","9.3974","7.6203","7.7072","7.7521","9.3703","10.0482","13.6155","14.7824","16.9408","17.6181","19.1761","19.1618","19.7178","18.1724","19.5937","19.7074","19.9597","20.3716","20.3809","20.0335","18.8883","22.3503","25.7785","24.899","25.466","28.2302","28.0727","30.182","32.4173","33.6545","35.3527","33.7251","33.5632","28.6308","23.758","17.7103","18.36","18.7863","",
"Liberia","LBR","Total greenhouse gas emissions excluding LULUCF (Mt CO2e)","EN.GHG.ALL.MT.CE.AR5","","","","","","","","","","","1.6127","1.6333","1.6602","1.7189","1.7887","1.8248","1.8804","2.0461","2.0791","2.3341","2.298","2.1258","2.0812","2.1851","2.0776","2.0935","1.9589","2.0148","2.2924","2.0537","1.8086","1.5865","1.4742","1.365","1.3269","1.3566","1.4596","1.5918","1.7693","1.955","2.1897","2.2299","2.2795","2.3642","2.4681","2.7041","2.9849","2.884","2.8919","3.0667","3.3958","3.5642","3.7114","3.7124","4.1068","4.2889","4.5094","4.3354","3.8119","4.3337","4.2105","4.2103","4.3677","4.4126","4.4599","",
"Libya","LBY","Total greenhouse gas emissions excluding LULUCF (Mt CO2e)","EN.GHG.ALL.MT.CE.AR5","","","","","","","","","","","137.6243","125.6773","101.8299","98.7166","69.9274","72.1697","93.3898","98.9964","97.9924","105.2858","97.1517","70.8301","74.1987","71.0899","71.1522","67.8687","70.4548","67.8447","75.8726","74.7808","87.0385","84.6789","79.309","75.4491","91.4641","101.4568","105.8968","93.3257","89.33","87.5121","91.7315","88.2758","88.5147","98.3098","96.9348","104.4783","102.7996","96.2555","100.5722","100.2433","106.0591","62.5753","99.5456","90.6339","80.3999","71.7188","68.1533","82.0616","88.5313","91.6378","64.448","92.6155","89.9447","97.9516","98.1709","",
"St. Lucia","LCA","Total greenhouse gas emissions excluding LULUCF (Mt CO2e)","EN.GHG.ALL.MT.CE.AR5","","","","","","","","","","","0.0783","0.0805","0.0866","0.0872","0.0833","0.0908","0.0887","0.0944","0.0964","0.098","0.0994","0.0913","0.1003","0.0974","0.1032","0.114","0.1172","0.1253","0.1457","0.1486","0.1495","0.1493","0.1495","0.148","0.1631","0.1683","0.1709","0.1787","0.1884","0.201","0.2137","0.2193","0.212","0.2261","0.2215","0.2256","0.2369","0.2476","0.2576","0.2691","0.289","0.251","0.2598","0.2828","0.2995","0.3065","0.323","0.3304","0.3961","0.4364","0.4232","0.4297","0.4498","0.4542","0.4685","",
"Latin America & Caribbean","LCN","Total greenhouse gas emissions excluding LULUCF (Mt CO2e)","EN.GHG.ALL.MT.CE.AR5","","","","","","","","","","","1267.2013","1285.2858","1347.9403","1423.5166","1474.8441","1506.108","1584.0981","1639.5947","1691.2018","1748.8603","1810.5679","1814.9747","1836.1281","1820.3352","1858.0406","1875.9335","1922.8263","1973.339","2015.3634","2063.6526","2043.8927","2094.1455","2136.9401","2195.9189","2291.1225","2331.1253","2401.537","2490.2442","2549.7142","2549.0688","2601.9134","2618.4577","2649.7003","2740.1519","2847.7724","2919.4717","2972.3962","3042.3425","3107.9015","3054.5517","3184.2062","3259.4021","3349.5174","3406.0517","3428.6679","3430.0391","3412.1413","3407.449","3363.2499","3385.8739","3216.8877","3385.5847","3433.6797","3484.8415","3510.631","",
"Least developed countries: UN classification","LDC","Total greenhouse gas emissions excluding LULUCF (Mt CO2e)","EN.GHG.ALL.MT.CE.AR5","","","","","","","","","","","456.5374","455.0061","455.2168","460.2095","462.6335","472.2603","478.0831","491.0782","507.4814","518.7977","528.3814","536.7641","569.4245","577.9274","571.6022","585.081","595.205","598.1887","616.3912","627.1172","640.6584","646.8729","664.6405","678.8079","712.1846","746.9117","776.6762","789.337","821.2368","853.473","867.2762","891.3364","912.5158","952.2679","981.859","1022.3422","1049.106","1084.5276","1125.1862","1162.8081","1212.3012","1234.5425","1276.9871","1322.0688","1364.9553","1399.9917","1455.7125","1511.2861","1529.5201","1574.8998","1590.2834","1648.307","1682.4884","1698.2051","1728.0008","",
"Low income","LIC","Total greenhouse gas emissions excluding LULUCF (Mt CO2e)","EN.GHG.ALL.MT.CE.AR5","","","","","","","","","","","295.3442","297.0319","300.6625","303.3503","311.678","326.7402","343.9216","355.332","370.9785","390.0295","403.8767","416.2231","443.5712","455.2621","459.9988","463.4939","463.9195","469.0981","484.8543","489.7023","500.8576","510.3553","498.8347","501.5836","504.9885","505.168","510.1896","512.9837","513.2075","531.2726","553.4231","557.138","557.8994","584.4678","600.1381","637.3856","654.0794","657.8938","685.0887","696.069","708.5076","696.5093","694.1673","684.4018","701.4402","686.4982","705.3321","765.8523","783.7323","808.102","807.1121","824.5351","843.3229","858.4809","872.0251","",
"Liechtenstein","LIE","Total greenhouse gas emissions excluding LULUCF (Mt CO2e)","EN.GHG.ALL.MT.CE.AR5","","","","","","","","","","","","","","","","","","","","","","","","","","","","","","","","","","","","","","","","","","","","","","","","","","","","","","","","","","","","","","","","","","",
"Sri Lanka","LKA","Total greenhouse gas emissions excluding LULUCF (Mt CO2e)","EN.GHG.ALL.MT.CE.AR5","","","","","","","","","","","9.8761","10.155","10.8778","11.1005","10.8122","10.4813","10.8098","10.9662","11.5524","12.0866","12.2678","12.5818","13.3477","13.5731","13.2782","13.0068","12.9846","13.7996","13.5667","13.4534","15.9184","15.4695","16.8761","17.0534","18.1959","18.2074","20.1734","20.1994","19.5737","21.0197","22.4543","22.1422","22.7843","24.0385","24.1301","25.9919","24.84","25.6207","25.8254","24.9481","26.5488","28.6809","30.7524","28.0206","30.0908","33.2653","36.1268","34.7244","34.5011","36.3046","35.8828","36.0653","34.1259","35.1854","37.1665","",
"Lower middle income","LMC","Total greenhouse gas emissions excluding LULUCF (Mt CO2e)","EN.GHG.ALL.MT.CE.AR5","","","","","","","","","","","1682.0481","1707.7277","1772.7585","1847.5781","1922.4583","1922.2402","1992.4396","2032.8948","2059.9372","2175.8447","2207.5755","2216.1292","2267.1527","2351.6483","2438.1412","2525.8498","2621.1809","2692.3195","2807.7721","2924.0868","2955.603","3043.0242","3121.3693","3189.4521","3298.6711","3452.8474","3624.5024","3699.2794","3754.0704","3879.4197","3980.3259","4053.2352","4074.9884","4198.8314","4389.427","4531.466","4666.8519","4874.8394","5067.1035","5201.7824","5430.5921","5649.0371","5883.4491","5975.1237","6245.9399","6398.8145","6570.5138","6816.7847","7020.2899","7128.6873","6971.1191","7334.4008","7606.9026","7926.7599","8226.8948","",
"Low & middle income","LMY","Total greenhouse gas emissions excluding LULUCF (Mt CO2e)","EN.GHG.ALL.MT.CE.AR5","","","","","","","","","","","6948.7833","7038.3698","7315.8515","7698.7538","7912.5469","8251.7617","8640.9698","9005.3286","9389.5287","9682.7854","9718.0447","9619.2902","9890.0479","10149.7832","10538.0011","10730.9065","11076.2787","11497.9084","11939.2835","12310.6078","12634.3836","12805.5953","12954.0247","13174.4137","13470.3948","14111.6824","14328.0321","14552.337","14687.9638","14804.5564","15306.8794","15614.2545","16075.004","17231.637","18494.6137","19685.6486","20843.713","21852.3222","22466.2197","23089.2509","24513.6055","25938.3609","26736.3542","27445.6324","27924.9988","27820.0476","28122.8834","28859.3645","29794.7009","30382.1053","30155.5871","31553.538","31995.7469","33086.6394","33674.0893","",
"Lesotho","LSO","Total greenhouse gas emissions excluding LULUCF (Mt CO2e)","EN.GHG.ALL.MT.CE.AR5","","","","","","","","","","","1.9077","1.8124","1.769","1.7468","1.8053","1.8569","1.8338","1.6966","1.7177","1.7966","1.9043","1.9167","1.9449","1.9129","1.891","1.9714","2","2.2951","2.2176","2.1511","2.1286","2.1716","2.3348","2.2957","2.2417","2.1947","2.1124","2.1919","1.9445","2.5311","2.668","2.6811","2.5456","2.5817","2.575","2.7451","2.7029","2.8394","2.7033","2.8015","2.8069","2.8436","2.9068","2.8103","2.8181","2.7846","2.821","3.0314","2.9297","2.8119","2.4749","2.6214","2.9115","3.071","3.055","",
"Late-demographic dividend","LTE","Total greenhouse gas emissions excluding LULUCF (Mt CO2e)","EN.GHG.ALL.MT.CE.AR5","","","","","","","","","","","5688.1716","5782.8245","6033.8261","6322.7254","6499.7858","6884.2875","7154.9845","7464.5355","7943.9809","8099.2722","8183.8153","8061.6932","8208.9433","8397.546","8707.5193","8803.6409","9091.8547","9436.9248","9747.7965","9918.874","10086.1726","10136.8099","9975.2545","9929.6099","9879.0957","10250.8976","10244.5161","10170.3493","10197.8334","10217.0713","10530.7386","10791.4742","11183.4457","12117.4314","13123.9809","14090.5182","15016.848","15721.8224","16075.0618","16471.9681","17648.3932","18849.7638","19304.3549","19893.6711","20055.0589","19921.3113","19953.9333","20332.8217","21059.5883","21482.2891","21493.3388","22476.8402","22476.0266","23149.2429","23443.7476","",
"Lithuania","LTU","Total greenhouse gas emissions excluding LULUCF (Mt CO2e)","EN.GHG.ALL.MT.CE.AR5","","","","","","","","","","","31.431","31.8859","33.538","35.4789","37.4381","39.2129","40.4237","41.492","42.7967","43.8985","45.1766","45.4526","45.5227","45.7836","46.5509","46.552","47.0557","47.5064","47.2993","46.918","48.6106","50.1602","33.0129","26.6443","25.0682","23.9287","24.4402","23.9887","24.9519","22.0302","20.4199","21.1","21.6074","21.6844","22.5591","23.5785","23.8651","25.9549","26.4212","23.3173","24.2246","25.1128","25.4341","23.9046","23.9487","24.7285","24.4684","24.9035","24.4549","24.6564","24.4498","24.2878","22.2997","21.5756","21.5357","",
"Luxembourg","LUX","Total greenhouse gas emissions excluding LULUCF (Mt CO2e)","EN.GHG.ALL.MT.CE.AR5","","","","","","","","","","","20.5182","19.1226","18.7491","20.2079","18.7015","14.9692","15.8994","15.1671","16.3753","15.5655","14.5858","12.5948","11.831","11.0549","12.1108","12.2408","11.9672","11.3665","11.8321","12.6437","12.9307","13.4398","13.1598","13.3808","12.4456","10.0483","10.1224","9.5107","8.7618","9.1579","9.782","10.3259","11.009","11.4197","12.8473","13.0766","12.8815","12.2979","12.1822","11.5846","12.2047","12.0611","11.8226","11.2916","10.798","10.2964","10.0361","10.1941","10.5294","10.6599","8.9246","9.3179","8.1924","7.8525","8.0537","",
"Latvia","LVA","Total greenhouse gas emissions excluding LULUCF (Mt CO2e)","EN.GHG.ALL.MT.CE.AR5","","","","","","","","","","","17.7124","17.9582","18.8548","19.9381","21.0352","22.157","22.8416","23.371","24.1443","24.7109","25.416","25.6434","26.1088","26.453","26.6694","26.8104","27.2059","27.5868","27.4292","27.1345","27.5464","25.7978","21.7148","18.4646","15.2961","13.6581","13.6374","13.1006","12.5597","11.9164","11.0992","11.7019","11.7593","12.0617","12.1396","12.2862","12.8783","13.309","12.9104","12.1567","13.2286","12.6509","12.5754","12.3292","12.2099","12.4808","12.4655","12.3325","12.9111","12.7841","12.1885","12.4485","11.8236","11.698","11.6424","",
"Macao SAR, China","MAC","Total greenhouse gas emissions excluding LULUCF (Mt CO2e)","EN.GHG.ALL.MT.CE.AR5","","","","","","","","","","","0.3327","0.3337","0.3521","0.4182","0.5064","0.4238","0.4175","0.4392","0.4359","0.4676","0.5026","0.4837","0.5065","0.6865","0.6673","0.6083","0.7489","0.9177","0.896","0.918","1.0014","1.0268","1.1586","1.2817","1.3984","1.269","1.4584","1.5491","1.702","1.7925","1.5185","1.6265","1.7814","1.8294","2.1137","2.126","2.115","2.0109","1.6758","1.7756","1.7977","1.7689","1.8256","1.8952","2.1722","2.8554","2.7234","2.9801","2.2124","2.3356","2.3188","2.1323","1.7615","1.7639","1.8201","",
"St. Martin (French part)","MAF","Total greenhouse gas emissions excluding LULUCF (Mt CO2e)","EN.GHG.ALL.MT.CE.AR5","","","","","","","","","","","","","","","","","","","","","","","","","","","","","","","","","","","","","","","","","","","","","","","","","","","","","","","","","","","","","","","","","","",
"Morocco","MAR","Total greenhouse gas emissions excluding LULUCF (Mt CO2e)","EN.GHG.ALL.MT.CE.AR5","","","","","","","","","","","22.2487","22.9333","23.4061","24.8556","25.6549","26.6418","27.83","28.9612","30.6682","31.8987","33.1692","32.8453","31.5374","33.2403","33.2026","34.9814","36.9056","38.5311","39.1957","41.491","42.4871","43.4255","44.9727","44.7792","47.6886","48.9805","49.4255","51.8499","52.8945","55.253","56.668","60.5077","62.076","62.6199","68.5013","70.5998","72.0216","72.952","76.8794","76.9193","80.7371","86.1303","88.9103","89.8341","91.3786","93.6738","94.0558","98.0056","100.0291","107.7472","104.2614","110.822","110.7609","108.3581","108.7364","",
"Monaco","MCO","Total greenhouse gas emissions excluding LULUCF (Mt CO2e)","EN.GHG.ALL.MT.CE.AR5","","","","","","","","","","","","","","","","","","","","","","","","","","","","","","","","","","","","","","","","","","","","","","","","","","","","","","","","","","","","","","","","","","",
"Moldova","MDA","Total greenhouse gas emissions excluding LULUCF (Mt CO2e)","EN.GHG.ALL.MT.CE.AR5","","","","","","","","","","","23.4118","23.6373","24.8851","26.3203","27.6782","29.4308","30.2581","30.9241","32.0432","32.7649","33.943","33.8734","34.2625","34.5749","34.9139","35.1862","36.0522","36.863","37.0611","36.9752","37.4196","30.9386","25.3404","21.6411","18.582","16.5447","14.6719","13.3252","12.0909","10.6125","9.9128","10.1045","10.3344","10.9205","10.9244","11.2552","11.0688","10.9333","10.615","10.4286","11.5058","11.7127","11.3366","10.7709","11.3315","11.6174","11.8997","11.9269","12.6204","12.6926","12.3849","13.2142","11.6492","11.6506","11.6583","",
"Madagascar","MDG","Total greenhouse gas emissions excluding LULUCF (Mt CO2e)","EN.GHG.ALL.MT.CE.AR5","","","","","","","","","","","18.2969","17.303","17.73","18.0448","18.4802","18.7359","18.8616","19.4035","20.6611","20.8111","21.5272","21.4491","21.6503","21.9124","22.2617","22.0031","22.142","22.1884","22.3248","22.4042","22.8823","22.9553","23.3288","23.8585","23.5269","24.1192","24.2768","24.4859","24.8623","25.1525","25.3158","23.4943","21.6429","22.8282","23.5132","26.1849","26.4784","27.1166","27.7386","28.3673","29.0163","29.0707","30.3939","29.6033","31.1025","31.461","31.4254","31.8255","30.386","32.2479","31.8694","33.5969","34.4577","35.7054","35.79","",
"Maldives","MDV","Total greenhouse gas emissions excluding LULUCF (Mt CO2e)","EN.GHG.ALL.MT.CE.AR5","","","","","","","","","","","0.021","0.0221","0.0238","0.0274","0.0314","0.0302","0.0313","0.0332","0.0346","0.037","0.0397","0.0411","0.0423","0.044","0.0826","0.0898","0.0909","0.0997","0.1154","0.113","0.135","0.1391","0.1501","0.1708","0.322","0.3864","0.3938","0.3576","0.4005","0.4018","0.695","0.622","0.7462","0.653","0.8222","0.7694","0.9303","0.9777","1.0641","1.0968","1.1738","1.2697","1.5807","1.7663","2.3553","1.7411","1.8937","1.7687","1.5458","1.6855","1.3795","1.8695","1.9896","1.9985","2.0934","",
"Middle East, North Africa, Afghanistan & Pakistan","MEA","Total greenhouse gas emissions excluding LULUCF (Mt CO2e)","EN.GHG.ALL.MT.CE.AR5","","","","","","","","","","","1066.0838","1093.8711","1151.3108","1277.5409","1244.5441","1262.0726","1349.6171","1381.2528","1418.0802","1458.2315","1376.6467","1245.1167","1294.3749","1340.1113","1346.3906","1396.6596","1455.4067","1534.7732","1625.6002","1722.3334","1742.8083","1746.8335","1844.3435","1935.4841","2045.7706","2099.1819","2173.2931","2255.9222","2253.9982","2324.1842","2439.5661","2488.6441","2536.438","2671.0094","2792.9934","2940.5007","3088.1336","3183.9433","3323.0409","3402.2506","3522.1031","3594.4066","3751.8173","3810.1986","3911.2535","3975.242","4121.4788","4221.5138","4214.9281","4286.1567","4250.1607","4451.5248","4583.5363","4675.4784","4768.5646","",
"Mexico","MEX","Total greenhouse gas emissions excluding LULUCF (Mt CO2e)","EN.GHG.ALL.MT.CE.AR5","","","","","","","","","","","205.3891","206.9704","220.8704","232.835","252.2406","266.2219","281.5925","291.3367","316.5984","332.2039","362.1166","387.4583","410.853","396.3784","402.9559","416.5571","413.9516","426.2696","424.9409","443.9025","440.4708","458.4473","461.0211","474.7551","501.241","482.1835","502.1713","528.1571","554.8655","541.7825","566.2514","562.6429","568.8383","593.0632","602.6555","624.6792","646.2762","656.9822","663.538","649.9757","665.5725","677.1026","692.8752","684.5599","673.0473","682.1479","691.4909","695.7528","675.0515","692.1334","640.1272","656.289","660.2856","685.6512","686.7794","",
"Marshall Islands","MHL","Total greenhouse gas emissions excluding LULUCF (Mt CO2e)","EN.GHG.ALL.MT.CE.AR5","","","","","","","","","","","0.0011","0.0011","0.0012","0.0013","0.0013","0.0014","0.0014","0.0015","0.0015","0.0016","0.0016","0.0017","0.0018","0.0019","0.002","0.0021","0.0022","0.0023","0.0024","0.0025","0.0025","0.0026","0.0027","0.0027","0.0027","0.0028","0.0028","0.0028","0.0028","0.0028","0.0028","0.0028","0.0028","0.0028","0.0028","0.0028","0.0028","0.0028","0.0029","0.0029","0.0029","0.0029","0.0029","0.0029","0.0029","0.0029","0.0029","0.0029","0.0029","0.0029","0.0039","0.0039","0.004","0.004","0.004","",
"Middle income","MIC","Total greenhouse gas emissions excluding LULUCF (Mt CO2e)","EN.GHG.ALL.MT.CE.AR5","","","","","","","","","","","6653.4391","6741.3379","7015.189","7395.4035","7600.8689","7925.0215","8297.0482","8649.9966","9018.5502","9292.7559","9314.168","9203.0671","9446.4767","9694.52109999999","10078.0023","10267.4126","10612.3592","11028.8103","11454.4292","11820.9055","12133.526","12295.24","12455.19","12672.8301","12965.4063","13606.5144","13817.8425","14039.3533","14174.7563","14273.2838","14753.4563","15057.1165","15517.1046","16647.1692","17894.4756","19048.263","20189.6336","21194.4284","21781.131","22393.1819","23805.0979","25241.8516","26042.1869","26761.2306","27223.5586","27133.5494","27417.5513","28093.5122","29010.9686","29574.0033","29348.475","30729.0029","31152.424","32228.1585","32802.0642","",
"North Macedonia","MKD","Total greenhouse gas emissions excluding LULUCF (Mt CO2e)","EN.GHG.ALL.MT.CE.AR5","","","","","","","","","","","12.3453","11.7892","11.7934","13.1725","13.571","11.53","11.918","12.1984","11.8887","13.0555","12.1603","12.9797","11.6219","11.0717","12.5332","13.0078","13.2416","12.8747","12.9974","13.1779","14.3612","12.8666","11.5418","11.7463","11.521","11.3862","12.9766","11.8204","12.6669","11.7441","11.4001","11.5125","10.9619","11.7283","11.8925","12.3537","12.0565","12.8175","12.6619","11.5709","11.7353","12.9204","12.2931","11.3925","10.9641","10.5479","10.2504","10.7022","10.2414","11.3372","10.2885","10.2244","10.8159","10.5691","9.8121","",
"Mali","MLI","Total greenhouse gas emissions excluding LULUCF (Mt CO2e)","EN.GHG.ALL.MT.CE.AR5","","","","","","","","","","","10.8685","11.1034","9.8312","9.1355","8.3157","9.0496","9.4141","9.5157","10.1398","10.8263","12.2017","12.9324","13.3499","11.8558","10.5965","9.8929","10.1247","10.5176","10.8485","11.3715","11.9818","12.0139","11.9878","12.1453","12.4757","12.8464","13.2304","13.3654","14.1573","14.8565","15.7571","16.4838","17.6585","18.54","19.3451","20.2416","20.4783","21.8675","23.0897","24.322","25.5145","26.5378","27.6137","29.1823","30.2525","32.2094","35.5893","38.3074","40.0831","40.8478","42.5403","44.9904","44.5054","46.6113","48.0085","",
"Malta","MLT","Total greenhouse gas emissions excluding LULUCF (Mt CO2e)","EN.GHG.ALL.MT.CE.AR5","","","","","","","","","","","0.8152","0.8221","0.9936","0.9607","0.8888","0.8169","0.9146","0.9628","1.096","1.0719","1.1689","1.3037","1.4743","1.1368","1.504","1.3354","2.0638","2.1587","2.3361","2.5213","2.5199","2.4253","2.3966","3.0471","2.754","2.6259","2.5765","2.7339","2.6425","2.6888","2.4148","2.7905","2.6176","2.9212","2.9196","2.9763","3.0355","3.1132","3.1332","2.8992","2.9494","2.9387","3.1178","2.783","2.7879","2.1102","1.8278","2.0164","2.0118","2.1153","2.0609","2.0682","2.235","2.2252","2.2436","",
"Myanmar","MMR","Total greenhouse gas emissions excluding LULUCF (Mt CO2e)","EN.GHG.ALL.MT.CE.AR5","","","","","","","","","","","50.2503","50.6264","49.2643","51.4706","52.1502","53.6492","54.1673","55.0356","57.5423","56.8242","61.5204","63.2507","64.0136","64.9221","65.7416","67.2578","67.3377","64.7569","64.6073","63.6505","63.2233","61.9952","66.0507","69.2154","72.7465","75.7909","75.7092","74.1805","76.0259","82.4","85.4595","86.1518","88.0467","94.1657","97.5714","103.1858","107.9409","110.2168","108.9142","109.6283","111.6666","109.5138","111.4683","114.8255","120.4198","124.2529","129.5442","145.4856","121.7758","121.6455","123.0347","121.282","121.08","118.2385","117.7875","",
"Middle East, North Africa, Afghanistan & Pakistan (excluding high income)","MNA","Total greenhouse gas emissions excluding LULUCF (Mt CO2e)","EN.GHG.ALL.MT.CE.AR5","","","","","","","","","","","739.6724","743.2281","758.1517","836.3899","823.5891","840.7401","939.1982","959.1242","980.912","995.093","895.1579","791.1865","860.9796","910.2249","939.897","994.0306","1025.1088","1085.212","1140.9091","1209.2865","1241.3707","1217.594","1292.9261","1343.0404","1419.2888","1467.288","1506.6847","1557.6196","1536.3752","1587.8991","1661.2552","1682.1534","1698.7509","1775.1756","1864.3252","1961.8864","2058.0918","2111.397","2171.8834","2229.6567","2277.296","2279.4075","2359.8218","2384.6081","2428.0485","2431.4811","2556.9657","2672.0239","2692.1503","2740.5322","2718.0231","2878.1068","2940.9311","3002.5357","3053.913","",
"Montenegro","MNE","Total greenhouse gas emissions excluding LULUCF (Mt CO2e)","EN.GHG.ALL.MT.CE.AR5","","","","","","","","","","","","","","","","","","","","","","","","","","","","","","","","","","","","","","","","","","","","","","","","","","","","","","","","","","","","","","","","","","",
"Mongolia","MNG","Total greenhouse gas emissions excluding LULUCF (Mt CO2e)","EN.GHG.ALL.MT.CE.AR5","","","","","","","","","","","19.9483","20.3281","19.9598","20.4754","21.229","21.8949","22.2282","23.0103","23.416","24.2786","25.1186","24.2424","25.1719","25.6079","25.9881","27.5997","28.8408","29.9021","30.9087","30.2759","29.9301","32.8938","30.6176","29.3137","27.3351","28.1743","26.8871","27.1723","27.907","28.5926","29.3309","27.1087","25.0085","24.3502","24.2963","28.857","32.1808","34.9338","35.9243","39.3545","42.4551","48.045","49.2864","51.7627","54.9866","52.9339","60.7638","67.8474","71.0301","76.0964","69.7809","70.9277","74.7083","93.7158","104.355","",
"Northern Mariana Islands","MNP","Total greenhouse gas emissions excluding LULUCF (Mt CO2e)","EN.GHG.ALL.MT.CE.AR5","","","","","","","","","","","0.0007","0.0007","0.0008","0.0008","0.0008","0.0008","0.0008","0.0009","0.0009","0.0009","0.001","0.001","0.0012","0.0013","0.0015","0.0016","0.0018","0.0019","0.0021","0.0022","0.0024","0.0026","0.0027","0.0029","0.003","0.0032","0.0034","0.0036","0.0037","0.0039","0.004","0.0048","0.0048","0.0047","0.0046","0.0045","0.0043","0.0041","0.004","0.0039","0.0038","0.0038","0.0038","0.0038","0.0038","0.0039","0.0039","0.0039","0.0039","0.004","0.004","0.004","0.004","0.0041","0.0041","",
"Mozambique","MOZ","Total greenhouse gas emissions excluding LULUCF (Mt CO2e)","EN.GHG.ALL.MT.CE.AR5","","","","","","","","","","","9.248","9.3889","8.9934","9.3222","9.2062","8.8405","8.6701","8.5264","8.1595","8.0951","8.5697","8.3441","9.7881","9.6274","8.6891","9.1854","9.0003","8.5702","8.3125","8.6904","8.6139","8.2923","8.6088","8.7833","9.1184","9.3653","9.5451","8.2168","10.2074","9.7431","10.4988","11.2259","11.7042","12.9199","13.5872","14.0416","13.7714","14.3982","14.1253","13.7315","14.3123","19.1212","21.972","23.3062","24.7471","24.5505","27.0062","29.4852","32.5121","30.1741","27.9273","31.1371","35.6836","34.318","33.6256","",
"Mauritania","MRT","Total greenhouse gas emissions excluding LULUCF (Mt CO2e)","EN.GHG.ALL.MT.CE.AR5","","","","","","","","","","","5.6457","5.5002","5.061","4.9621","4.3133","4.4389","4.6628","4.8523","4.946","5.1158","5.2275","5.5152","5.6376","5.1665","5.13","5.4022","5.2953","5.7533","6.1011","6.3949","6.6641","7.0437","8.27","8.3928","8.3635","8.5148","8.8669","9.2697","9.6602","10.3756","9.1783","9.5559","9.9742","10.2506","10.2427","10.482","11.134","10.8986","10.6928","11.2322","11.4974","11.9069","12.4573","12.5288","13.2658","13.6507","13.5595","14.8717","15.6823","16.133","16.483","16.3643","17.118","17.1827","17.5086","",
"Mauritius","MUS","Total greenhouse gas emissions excluding LULUCF (Mt CO2e)","EN.GHG.ALL.MT.CE.AR5","","","","","","","","","","","0.8227","0.8617","0.9035","0.9454","0.9994","1.01","1.0764","1.1833","1.1948","1.2046","1.1611","1.1815","1.146","1.2199","1.2714","1.2448","1.4072","1.4741","1.5577","1.6853","1.844","1.9228","2.0043","2.137","2.1875","2.2534","2.3401","2.357","2.54","2.9551","3.2409","3.3929","3.3845","3.4709","3.5212","3.6791","4.435","4.5696","4.6927","4.692","4.9832","5.0104","5.122","5.2705","5.4835","5.4816","5.5967","5.8497","5.8494","5.947","5.5347","5.8421","5.9813","6.3231","6.4716","",
"Malawi","MWI","Total greenhouse gas emissions excluding LULUCF (Mt CO2e)","EN.GHG.ALL.MT.CE.AR5","","","","","","","","","","","2.2957","2.3299","2.4564","2.5355","2.6551","2.7664","2.8925","2.9547","3.0229","3.0578","3.138","3.32","3.419","3.4555","3.5344","3.797","3.857","4.1342","3.7769","3.908","5.8747","6.1081","6.2923","6.2852","6.2938","6.3743","6.5694","6.7498","7.2613","7.5341","8.1414","8.0892","8.0994","8.2992","8.3477","8.9521","9.3984","10.0185","10.5724","10.7283","11.4618","13.0724","13.3876","13.0894","13.3989","13.7306","14.1554","15.0562","16.205","17.7177","17.6112","18.6772","18.6393","18.3538","19.0236","",
"Malaysia","MYS","Total greenhouse gas emissions excluding LULUCF (Mt CO2e)","EN.GHG.ALL.MT.CE.AR5","","","","","","","","","","","36.9379","37.5745","24.9022","25.4681","28.3473","30.2798","33.3348","33.3416","39.7468","45.5369","46.7983","47.3045","50.6438","56.6809","60.2191","60.059","62.1803","63.3038","67.3205","77.1468","85.7454","96.9113","101.608","102.4776","111.206","113.6029","128.277","141.2678","136.0534","145.3693","157.8565","166.0038","175.1849","188.3416","203.1597","215.2126","223.0275","240.6026","252.8853","235.8426","250.7903","252.9347","254.6051","272.7485","287.4116","290.1481","286.5024","274.6473","291.0216","292.1334","288.8584","293.3116","312.7472","318.3725","332.1668","",
"North America","NAC","Total greenhouse gas emissions excluding LULUCF (Mt CO2e)","EN.GHG.ALL.MT.CE.AR5","","","","","","","","","","","6262.0228","6144.5191","6435.7907","6661.5039","6490.7233","6257.0306","6582.2188","6759.1386","6760.1245","6840.4777","6613.1036","6515.4783","6228.4905","6200.2463","6452.8748","6459.4155","6399.7135","6577.2358","6842.6198","6923.1649","6807.124","6747.7657","6861.53","6988.4502","7125.0113","7208.7343","7396.0695","7692.081","7746.2157","7761.7685","7944.3911","7873.4268","7730.311","7816.0621","7903.884","7928.0262","7804.7312","7914.2404","7702.8036","7208.4143","7495.8654","7305.6127","7066.5632","7214.3398","7265.0515","7133.0168","7003.3241","6969.8832","7179.8362","7054.0725","6432.6666","6743.7076","6835.8825","6646.5225","6680.9823","",
"Namibia","NAM","Total greenhouse gas emissions excluding LULUCF (Mt CO2e)","EN.GHG.ALL.MT.CE.AR5","","","","","","","","","","","6.4685","6.5693","6.6693","6.7765","7.419","5.5584","5.5873","6.3277","6.383","6.8087","7.0539","5.9871","5.4803","5.4306","5.505","5.5759","5.9745","6.3584","6.747","6.6815","6.5952","6.6708","6.6682","6.7411","6.75","6.8568","7.0396","7.2919","7.61","7.8196","8.7446","8.9491","8.4548","8.7157","8.8604","10.6402","9.2953","9.2812","10.0419","10.1865","9.461","9.8545","11.1311","10.2256","10.8743","11.1255","12.3518","11.774","11.5967","11.7745","11.1246","12.1345","12.2692","13.8899","14.2121","",
"New Caledonia","NCL","Total greenhouse gas emissions excluding LULUCF (Mt CO2e)","EN.GHG.ALL.MT.CE.AR5","","","","","","","","","","","1.3809","1.382","1.4176","1.64","1.9072","1.6688","1.6505","1.7356","1.7588","1.8529","1.9567","1.9042","1.39","1.3369","1.4073","1.7821","1.725","1.8647","1.8345","1.9325","1.9185","2.0685","2.0875","2.1281","2.1907","2.0323","2.2449","2.1049","2.0557","1.9977","2.486","2.53","2.785","3.0527","2.7662","3.0095","3.008","3.0866","2.993","3.0023","3.8179","3.8426","3.8862","4.2663","5.1563","4.9401","5.2719","4.7731","6.466","6.2299","6.0807","5.0328","4.9842","5.2448","5.3816","",
"Niger","NER","Total greenhouse gas emissions excluding LULUCF (Mt CO2e)","EN.GHG.ALL.MT.CE.AR5","","","","","","","","","","","11.0219","11.3403","11.5492","8.8031","8.8621","9.4856","10.2259","11.245","11.6536","12.074","12.6004","13.254","13.8582","14.5889","10.6327","9.1844","9.4882","9.779","10.1502","10.5313","10.7387","11.1565","11.5863","12.2712","12.6502","13.1844","13.8366","14.5809","15.2461","15.8446","16.2064","16.9543","17.6999","18.4991","19.3162","20.0433","20.7547","21.6121","22.5071","23.5383","23.3188","24.1202","25.8905","27.2426","28.5387","29.588","30.9389","32.1503","33.6528","35.5174","37.1947","39.194","41.3587","40.0722","41.1461","",
"Nigeria","NGA","Total greenhouse gas emissions excluding LULUCF (Mt CO2e)","EN.GHG.ALL.MT.CE.AR5","","","","","","","","","","","172.3708","187.2119","222.2991","252.4364","286.0673","232.0454","266.2858","260.7509","250.1125","312.1431","286.5499","224.5372","211.6114","208.1702","220.1652","232.291","229.0485","216.4907","235.3766","259.9309","260.8156","275.4143","299.3938","303.0004","326.775","358.6263","417.0406","391.0388","358.9155","346.0313","379.8679","385.8877","332.8274","369.1864","359.9911","351.6043","324.0109","298.6714","303.8215","287.3889","309.5195","330.1952","331.6927","335.4048","346.6176","342.3975","336.7501","334.5341","346.5287","360.0857","333.6847","342.7471","334.7699","337.7767","350.5554","",
"Nicaragua","NIC","Total greenhouse gas emissions excluding LULUCF (Mt CO2e)","EN.GHG.ALL.MT.CE.AR5","","","","","","","","","","","7.908","7.4962","7.5643","7.9879","8.4598","8.6861","9.1921","9.9814","9.7083","8.1554","7.871","8.0673","8.1449","7.9509","8.1344","8.2282","8.1232","7.6063","7.8164","8.1622","9.0103","7.8963","8.7725","9.4067","9.7557","9.2621","9.2998","9.9735","10.3619","11.3765","11.7961","12.0446","12.3197","13.0555","13.0001","13.0271","13.6327","13.9005","13.7561","13.8209","14.2022","15.1715","15.632","15.7511","16.4768","17.6959","17.9356","17.9711","17.4443","17.9072","17.8227","18.441","18.7064","18.961","19.1586","",
"Netherlands","NLD","Total greenhouse gas emissions excluding LULUCF (Mt CO2e)","EN.GHG.ALL.MT.CE.AR5","","","","","","","","","","","179.5283","181.0728","199.1849","208.0911","203.4814","195.4008","206.4942","204.483","210.2739","220.8315","213.7908","212.4678","201.2905","197.6238","204.9991","209.1465","212.069","216.7075","216.2172","219.0994","223.8172","229.2153","228.1189","231.4813","233.4307","236.5816","247.7584","238.0009","237.9238","227.5339","225.8801","224.8566","223.5263","226.0766","228.4654","222.2997","218.483","218.6048","214.1106","208.2436","219.8685","206.761","203.8854","201.6783","193.5741","201.5296","202.6787","198.731","191.8839","186.7","170.3436","173.5896","160.2836","149.4884","145.0067","",
"Norway","NOR","Total greenhouse gas emissions excluding LULUCF (Mt CO2e)","EN.GHG.ALL.MT.CE.AR5","","","","","","","","","","","55.0576","53.6053","57.1507","58.843","57.817","56.2475","58.9225","60.0814","58.9115","62.1875","60.2267","56.5471","52.4537","52.5587","55.2181","55.3886","57.1267","55.5584","57.0096","55.5342","55.3505","51.8214","51.5188","54.173","56.6167","56.1303","56.6047","59.2896","60.784","62.4712","57.6691","58.5786","57.5704","61.3425","62.046","59.4932","60.3587","61.6699","63.3488","60.2846","63.3878","61.847","61.3578","62.1666","61.9543","62.8932","62.2138","61.9913","61.1188","59.5497","57.8321","58.7091","57.6515","55.467","53.7596","",
"Nepal","NPL","Total greenhouse gas emissions excluding LULUCF (Mt CO2e)","EN.GHG.ALL.MT.CE.AR5","","","","","","","","","","","15.6837","16.0028","16.2099","16.898","17.2435","17.739","18.0359","18.5515","18.9474","19.2604","20.2381","20.3563","19.9894","21.115","21.4395","21.4161","21.565","22.2116","22.5688","22.5684","23.0962","22.8509","23.7086","23.6356","25.2061","26.0721","26.4829","27.0314","27.6272","28.6202","28.8971","29.492","29.0831","30.1075","29.7133","30.4059","29.8357","30.8577","31.727","33.043","34.4559","35.8459","36.4575","37.7902","38.5631","38.4166","43.0316","45.4247","47.8382","46.6231","49.8172","50.7581","48.0377","42.116","41.4682","",
"Nauru","NRU","Total greenhouse gas emissions excluding LULUCF (Mt CO2e)","EN.GHG.ALL.MT.CE.AR5","","","","","","","","","","","0.0006","0.0007","0.0007","0.0007","0.0007","0.0007","0.0007","0.0007","0.0007","0.0008","0.0008","0.0008","0.0008","0.0009","0.0008","0.0009","0.0009","0.0009","0.001","0.001","0.001","0.001","0.0011","0.0011","0.0011","0.0011","0.0011","0.0011","0.0011","0.0011","0.0011","0.0011","0.0011","0.0011","0.0011","0.0011","0.0011","0.0011","0.0011","0.0011","0.0011","0.0012","0.0012","0.0012","0.0012","0.0012","0.0012","0.0012","0.0012","0.0012","0.0014","0.0014","0.0014","0.0014","0.0014","",
"New Zealand","NZL","Total greenhouse gas emissions excluding LULUCF (Mt CO2e)","EN.GHG.ALL.MT.CE.AR5","","","","","","","","","","","58.1713","56.4551","60.6155","61.4478","62.6504","61.7515","64.0672","65.0755","64.9938","63.0788","65.6037","65.5523","67.4651","67.6879","68.8025","69.7912","70.2695","69.6902","71.4123","69.548","71.8139","72.1534","73.3539","73.9776","76.178","77.6616","78.3518","80.5161","78.6105","80.8092","81.684","84.1324","85.8119","87.311","87.2698","87.7013","88.1566","86.916","86.6321","84.3751","84.7937","84.2062","86.8882","85.8774","87.2753","86.1795","85.682","86.8554","85.8318","87.1246","83.7705","83.4788","80.0841","78.2081","77.8374","",
"OECD members","OED","Total greenhouse gas emissions excluding LULUCF (Mt CO2e)","EN.GHG.ALL.MT.CE.AR5","","","","","","","","","","","13485.7498","13393.2453","13905.4452","14540.3471","14292.5137","13940.0195","14545.1513","14780.6896","14952.4146","15283.2189","14923.2976","14609.6081","14212.6101","14155.651","14534.8424","14606.3172","14590.4093","14845.2782","15200.7951","15365.3947","15225.2372","15230.3514","15241.1581","15329.3789","15580.9058","15778.5221","16202.0047","16486.3386","16436.0401","16443.5318","16736.1962","16667.5527","16566.5423","16790.7608","16936.666","16963.621","16868.2665","17045.864","16661.9465","15781.6018","16371.882","16157.2508","15970.3315","16024.6731","15818.2042","15727.2058","15624.8279","15661.399","15733.3978","15394.9401","14272.0392","14877.7537","14791.4084","14290.5234","14242.6714","",
"Oman","OMN","Total greenhouse gas emissions excluding LULUCF (Mt CO2e)","EN.GHG.ALL.MT.CE.AR5","","","","","","","","","","","14.8474","14.8678","14.7026","15.0447","15.3945","34.9096","38.5152","37.8416","32.2786","29.5253","20.748","23.3111","21.6371","24.7197","23.6161","23.0485","26.4549","26.7251","28.9219","29.4457","34.9659","42.5778","41.1681","40.0747","39.1903","42.195","44.2148","47.8285","44.7611","49.4153","52.0592","55.9201","58.5573","63.4977","61.8076","62.188","68.9506","70.6757","70.1041","72.1614","76.4204","85.519","94.3642","98.9237","103.648","109.2324","111.5944","111.9854","115.489","116.7032","113.284","119.5484","127.5937","130.2486","132.2647","",
"Other small states","OSS","Total greenhouse gas emissions excluding LULUCF (Mt CO2e)","EN.GHG.ALL.MT.CE.AR5","","","","","","","","","","","41.3113","41.6117","45.3066","50.4718","53.0941","55.5974","58.8076","60.9122","64.2982","66.0774","68.4878","68.1918","68.4895","68.417","68.0647","66.9968","67.1526","67.9959","66.9022","65.0975","73.6155","71.4231","60.177","56.3652","58.0554","56.3","58.3472","58.6724","56.7834","56.8853","58.2521","59.5548","58.4359","62.5545","63.8923","64.2395","68.3975","72.4314","73.5146","68.0477","71.7684","72.4037","71.656","73.6368","74.0647","70.8933","70.8133","73.0199","74.728","66.4544","63.0053","64.8419","67.3437","63.9232","63.6063","",
"Pakistan","PAK","Total greenhouse gas emissions excluding LULUCF (Mt CO2e)","EN.GHG.ALL.MT.CE.AR5","","","","","","","","","","","84.2225","85.3056","87.3832","90.2623","93.2733","97.9088","99.1714","103.8984","108.2242","113.0938","114.9944","120.4223","127.0546","131.2009","135.6248","144.0495","157.8112","166.8042","174.1959","182.9025","188.8774","190.8193","201.8077","213.986","219.0209","230.4762","240.1623","246.5876","252.0653","265.27","271.3319","274.6619","279.8769","290.8653","310.8788","319.1648","341.1484","363.5812","365.1426","375.7952","369.1462","377.6438","381.7959","396.2699","412.4347","423.5723","454.0305","477.201","473.2928","476.0908","511.2642","526.9517","537.6563","522.21","525.8825","",
"Panama","PAN","Total greenhouse gas emissions excluding LULUCF (Mt CO2e)","EN.GHG.ALL.MT.CE.AR5","","","","","","","","","","","5.8577","6.0396","6.3129","6.7219","6.8582","6.9966","7.0195","7.0462","6.9172","7.2579","7.076","6.741","7.1527","7.6455","7.032","6.8508","6.9605","7.2678","6.5602","6.7254","6.8745","7.3685","8.0959","8.2419","8.5751","8.918","8.9706","9.0124","10.2813","9.5437","9.6956","11.1958","10.4771","10.5661","10.5722","12.388","12.839","12.78","12.7725","14.2637","14.8451","15.9111","16.3697","16.2545","16.6119","16.3886","16.5722","16.088","16.032","19.3191","15.9737","17.1823","18.0636","19.4931","19.218","",
"Peru","PER","Total greenhouse gas emissions excluding LULUCF (Mt CO2e)","EN.GHG.ALL.MT.CE.AR5","","","","","","","","","","","36.7875","37.5793","36.9484","38.0909","40.212","40.4417","41.3193","41.3858","42.5832","44.5575","45.5393","47.0871","46.9778","42.5065","44.1537","43.1964","45.3161","47.3917","47.5588","44.3463","43.4591","42.5262","43.3439","45.1046","46.0305","50.598","53.5165","53.395","53.4808","56.085","56.5293","53.7328","55.356","55.3906","59.3493","60.1948","59.7671","62.9142","68.0389","71.5696","75.8019","79.6554","79.815","81.89","84.8165","86.7675","89.1612","87.2031","87.2921","91.2634","80.1418","93.5085","97.6301","99.2574","103.813","",
"Philippines","PHL","Total greenhouse gas emissions excluding LULUCF (Mt CO2e)","EN.GHG.ALL.MT.CE.AR5","","","","","","","","","","","66.0332","67.0226","67.3963","74.1823","71.9639","73.9083","72.9763","77.2196","79.4035","83.623","79.5179","78.0526","78.9502","80.8326","77.2313","78.4969","77.8369","83.9228","86.8362","89.337","92.0111","91.503","94.4127","99.0877","104.929","116.8375","122.7994","132.061","126.3912","131.0924","132.7752","131.6205","134.5659","137.6599","140.9301","145.0008","137.5884","146.1958","148.1113","150.4794","156.6438","157.7593","163.0728","173.2631","181.1384","190.6338","202.623","220.8073","226.906","235.2167","225.1449","235.613","242.5967","254.5314","266.5973","",
"Palau","PLW","Total greenhouse gas emissions excluding LULUCF (Mt CO2e)","EN.GHG.ALL.MT.CE.AR5","","","","","","","","","","","2.1663","2.1665","2.1665","2.1666","2.1666","2.1667","2.1668","2.1669","2.1669","2.1669","2.1667","2.1994","2.1838","2.2674","2.5073","2.0294","2.2125","2.3196","2.2204","2.3186","2.3434","2.326","2.1276","2.1774","3.2586","2.5566","2.4058","2.698","2.438","2.6008","2.2408","2.4829","1.5096","1.7945","1.5964","1.843","1.8022","1.4636","1.4811","2.2836","2.2049","2.4653","3.721","1.8807","1.3223","1.2532","1.2006","1.2553","1.2867","1.3265","1.336","1.3895","1.4627","1.462","1.5338","",
"Papua New Guinea","PNG","Total greenhouse gas emissions excluding LULUCF (Mt CO2e)","EN.GHG.ALL.MT.CE.AR5","","","","","","","","","","","2.763","2.7937","2.9053","3.1856","3.5597","3.28","3.2914","3.39","3.4008","3.5409","3.6837","3.6835","3.7093","3.7271","3.8283","3.9585","3.8581","4.2771","4.1392","4.0411","4.8719","5.0091","5.4456","5.5764","5.5693","5.6079","5.7317","5.675","9","6.1726","7.0747","7.1514","7.8756","8.1111","8.6209","9.9955","10.5685","9.7098","10.2873","8.5966","7.5294","7.7753","7.5705","7.9837","9.5958","10.6313","11.3311","10.4838","9.3728","9.668","10.1246","10.0773","10.4277","10.6623","10.7611","",
"Poland","POL","Total greenhouse gas emissions excluding LULUCF (Mt CO2e)","EN.GHG.ALL.MT.CE.AR5","","","","","","","","","","","484.913","496.4558","513.8897","539.3234","558.7667","579.2349","605.1237","620.7069","656.398","658.24","659.7109","599.6652","619.4325","620.5007","632.8093","639.7766","646.1667","658.8414","645.798","614.6466","513.4556","502.5718","488.7962","484.8249","477.6881","478.1719","491.5739","481.0415","442.4529","428.2208","412.0605","406.5305","398.7567","410.2662","410.0337","409.9523","423.2401","420.4154","411.6412","395.3078","414.1734","410.7148","405.0957","399.1533","385.4238","387.923","399.4495","412.81","411.6684","392.6558","375.6244","403.1414","384.9357","354.3109","348.195","",
"Pre-demographic dividend","PRE","Total greenhouse gas emissions excluding LULUCF (Mt CO2e)","EN.GHG.ALL.MT.CE.AR5","","","","","","","","","","","559.0563","579.9605","609.6846","677.094","717.6612","682.1572","739.3078","733.1456","747.5243","870.6981","815.1379","679.3388","700.0459","709.8326","735.9161","773.6815","792.3096","801.705","861.4087","908.8031","878.6987","803.0554","861.7644","909.649","967.8088","1022.1666","1100.4398","1122.4815","1102.8809","1101.1416","1164.8069","1194.2579","1129.4963","1174.2515","1214.6075","1225.8781","1204.753","1201.8256","1255.6453","1273.2542","1356.1302","1412.5697","1475.2972","1515.2633","1555.0424","1598.0302","1672.4852","1699.4545","1758.3645","1828.7254","1785.6798","1847.4668","1912.5959","1935.9178","1980.6619","",
"Puerto Rico (US)","PRI","Total greenhouse gas emissions excluding LULUCF (Mt CO2e)","EN.GHG.ALL.MT.CE.AR5","","","","","","","","","","","31.4491","33.8225","41.0426","45.3659","43.0865","40.2514","44.0228","49.3011","49.9015","42.7446","35.3432","30.6292","23.8365","24.3572","22.1558","19.7058","23.9677","21.5742","24.938","26.117","21.7525","22.308","22.7337","23.3038","24.0322","24.385","24.7072","25.3854","25.8186","27.7988","27.8513","27.5182","22.8553","29.2037","29.2424","29.3571","19.9307","20.8994","18.2628","16.7748","16.1454","14.3107","13.9066","13.4871","14.0724","14.6286","13.8527","14.0546","16.0761","14.9063","14.6545","14.9015","16.1219","16.8112","17.6165","",
"Korea, Dem. People's Rep.","PRK","Total greenhouse gas emissions excluding LULUCF (Mt CO2e)","EN.GHG.ALL.MT.CE.AR5","","","","","","","","","","","94.8075","95.4906","98.8241","101.0819","104.7842","109.0731","116.0637","122.7236","131.4031","140.9887","148.0376","152.3403","158.4843","164.0237","169.5963","175.2331","173.2456","167.6622","171.215","171.5138","164.9596","159.0421","142.9944","133.447","121.5479","112.8202","102.8959","100.591","85.7625","93.3781","99.7703","103.4859","99.763","101.9209","104.4691","109.289","110.9963","95.2148","102.8239","99.4547","97.1438","78.1077","76.0987","65.2397","69.0328","59.3913","65.0632","101.6426","92.485","100.758","95.2507","81.636","84.5706","90.6225","91.2518","",
"Portugal","PRT","Total greenhouse gas emissions excluding LULUCF (Mt CO2e)","EN.GHG.ALL.MT.CE.AR5","","","","","","","","","","","29.6254","30.5223","31.2538","33.6573","33.0929","34.6737","35.9369","36.5132","38.5333","41.567","41.872","43.6516","46.0282","44.8206","43.0725","41.725","46.2135","46.1678","47.0684","56.023","57.6369","59.1571","62.9721","61.8511","64.0087","67.4429","66.0875","68.8403","73.5798","80.7577","80.5716","79.4931","83.9636","79.2019","81.2254","84.7248","79.9003","78.1636","75.7956","74.9566","69.519","67.7323","66.2532","64.6378","64.4135","68.8611","67.7448","72.8197","68.8776","64.5604","58.6825","56.9598","57.3189","54.9777","53.1696","",
"Paraguay","PRY","Total greenhouse gas emissions excluding LULUCF (Mt CO2e)","EN.GHG.ALL.MT.CE.AR5","","","","","","","","","","","10.3486","10.6638","11.0013","11.6121","11.916","12.498","13.6526","14.5218","14.787","14.5243","14.7401","15.8531","16.5358","16.9943","17.7212","18.2868","18.6578","19.4211","20.4077","20.5883","20.7704","19.4745","20.396","22.3125","23.7203","25.5463","25.5189","25.8953","26.0544","25.5612","24.8876","25.4599","24.6225","26.5315","25.6299","25.8198","27.6408","29.7009","30.91","33.4615","36.4537","36.8326","38.0052","38.7559","41.1167","40.8604","41.2092","42.4376","42.0004","42.4081","42.5845","42.4038","41.1976","40.9546","41.442","",
"West Bank and Gaza","PSE","Total greenhouse gas emissions excluding LULUCF (Mt CO2e)","EN.GHG.ALL.MT.CE.AR5","","","","","","","","","","","","","","","","","","","","","","","","","","","","","","","","","","","","","","","","","","","","","","","","","","","","","","","","","","","","","","","","","","",
"Pacific island small states","PSS","Total greenhouse gas emissions excluding LULUCF (Mt CO2e)","EN.GHG.ALL.MT.CE.AR5","","","","","","","","","","","4.2528","4.3081","4.3972","4.6586","4.9816","4.7849","4.8019","4.9188","4.9243","5.0792","5.2206","5.3736","5.3444","5.2363","5.3374","5.0312","5.205","5.3399","5.333","5.5921","5.8093","5.7126","5.6564","5.9132","7.1628","6.4351","6.3623","6.7226","6.4583","6.7312","6.6265","7.0439","5.8163","6.4098","6.6851","6.7415","6.868","6.5417","6.1621","6.7171","7.3655","7.2262","8.4277","6.8346","6.0177","5.9653","5.8508","5.8144","6.101","6.2453","5.629","6.076","6.1956","6.3045","6.5372","",
"Post-demographic dividend","PST","Total greenhouse gas emissions excluding LULUCF (Mt CO2e)","EN.GHG.ALL.MT.CE.AR5","","","","","","","","","","","13239.3419","13125.9068","13624.3615","14255.5921","14017.9974","13642.106","14279.2766","14497.849","14655.4741","14988.2229","14610.4525","14322.5815","13883.6066","13848.7704","14209.2477","14258.7408","14251.6133","14484.074","14865.5107","15013.8224","15022.2579","14941.9559","14837.1394","14798.416","14884.459","15053.7434","15337.747","15565.3505","15505.0077","15541.643","15788.4326","15748.2259","15628.6459","15838.2629","15936.68","15915.9478","15756.8788","15904.5859","15505.222","14587.5393","15146.2073","14930.5983","14693.4248","14753.2264","14513.5346","14328.9559","14169.1379","14126.1764","14220.0872","13876.2111","12797.2394","13303.436","13160.8654","12672.5395","12613.4422","",
"French Polynesia","PYF","Total greenhouse gas emissions excluding LULUCF (Mt CO2e)","EN.GHG.ALL.MT.CE.AR5","","","","","","","","","","","0.1916","0.1924","0.2015","0.2318","0.2728","0.236","0.2344","0.2465","0.2465","0.2619","0.2811","0.4039","0.4991","0.6348","0.8313","0.8035","0.878","0.987","0.9789","0.953","0.9384","0.9713","1.0035","1.0155","0.8401","0.798","0.7901","0.8271","0.8531","0.854","0.8075","0.9247","0.9688","1.0291","0.981","1.0359","0.9787","1.0468","1.0699","1.0319","1.0886","1.0564","1.0253","1.0954","1.0835","1.1058","1.1093","0.9805","0.8809","0.8842","0.8136","0.7376","1.0295","1.0338","1.081","",
"Qatar","QAT","Total greenhouse gas emissions excluding LULUCF (Mt CO2e)","EN.GHG.ALL.MT.CE.AR5","","","","","","","","","","","23.5486","27.1729","32.1175","36.4805","31.44","29.1499","29.1573","26.0137","28.9591","28.2976","24.7017","20.6714","19.9726","17.9978","25.1631","22.3777","23.4035","23.2616","24.6876","26.25","26.2898","27.1494","28.7376","29.0335","30.1745","29.8381","35.2948","51.632","53.1267","57.2576","59.9966","56.449","59.6211","65.366","66.2424","65.6717","71.4133","80.0145","85.4696","87.0659","93.7426","107.0215","116.2988","127.1909","135.914","139.63","139.9209","139.4614","140.3955","142.3998","140.6777","144.0344","146.1306","156.1266","162.7447","",
"Romania","ROU","Total greenhouse gas emissions excluding LULUCF (Mt CO2e)","EN.GHG.ALL.MT.CE.AR5","","","","","","","","","","","172.2962","175.0619","182.2293","196.7687","201.0596","215.4184","231.7834","241.5595","258.5344","264.093","261.0279","263.7898","262.0893","265.105","265.0347","264.9412","267.4479","275.2525","279.0884","275.5062","241.0146","196.7109","179.6506","169.7813","165.9533","170.622","174.3577","161.2934","143.4583","126.1529","130.3786","136.0003","135.611","140.6575","140.3674","138.3283","144.7726","142.5096","140.0451","118.2457","116.5131","122.4102","119.3905","111.2215","111.3112","112.2452","111.5446","115.2104","116.06","113.9659","108.1538","113.4783","107.3061","101.2864","101.8576","",
"Russian Federation","RUS","Total greenhouse gas emissions excluding LULUCF (Mt CO2e)","EN.GHG.ALL.MT.CE.AR5","","","","","","","","","","","1707.6312","1721.7006","1804.4687","1905.6985","1996.8002","2095.3793","2170.7189","2218.844","2349.1474","2382.9964","2451.9611","2448.5649","2487.0141","2534.9982","2583.9559","2629.3881","2706.2557","2778.1348","2835.0982","2848.8517","3055.8849","2986.1083","2756.5275","2521.9792","2283.2897","2213.7262","2149.4894","2013.352","2002.2968","2054.2444","2084.3476","2092.1256","2084.5671","2150.1386","2162.8787","2166.7251","2203.8702","2216.1012","2206.7809","2092.075","2191.1928","2283.4198","2293.7574","2243.8938","2233.881","2248.7539","2237.8431","2286.9044","2376.93","2409.0263","2325.7999","2498.4553","2459.3934","2512.8196","2575.6548","",
"Rwanda","RWA","Total greenhouse gas emissions excluding LULUCF (Mt CO2e)","EN.GHG.ALL.MT.CE.AR5","","","","","","","","","","","4.3514","4.3849","4.4779","4.5905","4.6245","4.7709","4.7424","4.8494","4.9562","4.7704","5.0645","5.2032","5.3558","5.4937","5.5666","5.7408","5.7883","5.9206","6.0643","6.2763","5.6714","5.4529","5.1214","4.8614","4.9551","4.9691","5.2082","5.7541","3.9916","4.2982","4.1093","4.2446","4.4503","4.5828","4.7236","4.7961","5.0702","5.1863","5.398","5.5458","5.8254","5.7781","5.9572","6.1531","6.2212","6.8755","6.8912","7.0401","7.3038","7.4914","7.6415","7.8139","8.2309","8.3469","8.3499","",
"South Asia","SAS","Total greenhouse gas emissions excluding LULUCF (Mt CO2e)","EN.GHG.ALL.MT.CE.AR5","","","","","","","","","","","810.3637","815.6176","829.2334","838.5646","860.8896","897.4256","921.4678","945.7409","955.3319","984.134","1011.6816","1062.3173","1090.3453","1143.0198","1198.1377","1232.7738","1297.3152","1336.3519","1409.2002","1470.9081","1468.8078","1526.7395","1564.972","1599.3837","1659.8536","1731.0361","1782.7345","1842.3665","1873.9338","1950.3777","1989.3091","2020.0219","2052.2403","2107.4538","2212.4615","2290.1617","2397.6656","2547.1842","2682.5049","2797.1012","2935.1381","3079.802","3267.1691","3305.8106","3495.9787","3563.8753","3623.8639","3775.6393","3921.9156","3934.7667","3753.5898","4030.4752","4271.4577","4504.2552","4675.5304","",
"Saudi Arabia","SAU","Total greenhouse gas emissions excluding LULUCF (Mt CO2e)","EN.GHG.ALL.MT.CE.AR5","","","","","","","","","","","85.368","96.8781","122.7066","160.2305","171.5293","143.7582","175.6906","188.7968","193.0515","225.6754","267.0048","253.2662","237.4939","228.6854","182.1995","174.6044","185.7911","193.91","212.1765","214.0694","236.6095","252.0242","267.4208","277.5061","294.5331","291.2362","308.268","314.1065","330.109","331.3613","350.3148","362.4811","380.3516","407.3881","429.7568","457.1585","480.8365","502.5681","538.9277","558.5048","603.2707","634.2139","669.6806","678.3201","721.0809","752.8871","757.4557","752.6942","736.7053","738.285","740.2048","757.9945","804.6539","818.1917","838.8766","",
"Sudan","SDN","Total greenhouse gas emissions excluding LULUCF (Mt CO2e)","EN.GHG.ALL.MT.CE.AR5","","","","","","","","","","","38.8238","39.5794","40.3825","43.8035","44.4875","45.6148","45.9646","45.8884","46.8899","49.6756","52.7377","54.9864","59.4456","59.1137","59.9735","61.3581","58.0549","56.7072","58.4347","58.8253","61.1715","62.2466","67.3753","70.5223","77.2173","77.9216","80.6274","83.0929","86.7846","90.7968","95.631","100.7928","104.4202","107.9055","110.6791","114.4284","117.3918","120.583","122.2196","124.089","124.9456","121.7246","123.4565","124.7953","126.7176","130.1888","134.0025","133.6738","137.991","138.2132","137.7167","139.7164","139.4596","138.3599","138.702","",
"Senegal","SEN","Total greenhouse gas emissions excluding LULUCF (Mt CO2e)","EN.GHG.ALL.MT.CE.AR5","","","","","","","","","","","7.4347","7.5895","7.4122","7.1815","7.4481","7.7366","7.9481","8.1147","8.3014","8.3962","8.0905","8.24","8.3682","8.1062","8.2861","8.7561","9.0256","9.3539","9.3478","9.6395","9.8879","10.0897","10.4654","10.6464","10.9367","11.1822","11.6962","12.1307","12.7047","13.706","13.5587","14.3845","14.455","14.4269","15.2442","16.072","16.3028","17.2569","18.0043","18.7647","19.5009","20.2268","20.5697","21.0631","21.817","23.4251","24.9588","24.9618","25.915","26.4657","27.1618","29.5487","31.5008","31.0754","31.7206","",
"Singapore","SGP","Total greenhouse gas emissions excluding LULUCF (Mt CO2e)","EN.GHG.ALL.MT.CE.AR5","","","","","","","","","","","8.8628","8.912","10.3274","11.2783","11.7247","11.717","12.5995","13.815","15.3801","16.4117","16.5077","17.6763","18.3382","19.6725","19.8343","20.6373","21.0385","21.4534","23.8943","25.2691","33.7549","35.8044","36.6134","42.452","45.3973","46.8257","48.7902","50.3383","54.7719","52.7305","57.2433","58.767","51.4039","49.8088","52.4705","50.3291","50.5986","51.1674","50.4479","51.4474","58.0509","60.4471","58.5877","62.0133","63.9114","65.7467","63.8783","69.1026","67.0864","69.5875","68.0675","70.6452","71.908","72.3929","76.0928","",
"Solomon Islands","SLB","Total greenhouse gas emissions excluding LULUCF (Mt CO2e)","EN.GHG.ALL.MT.CE.AR5","","","","","","","","","","","0.1471","0.1558","0.1632","0.1829","0.213","0.2008","0.2096","0.2228","0.2292","0.2359","0.2528","0.2995","0.281","0.2915","0.2762","0.2763","0.2474","0.2566","0.2866","0.2825","0.3016","0.3096","0.3289","0.3334","0.3397","0.3266","0.3312","0.3388","0.3464","0.3509","0.4061","0.4289","0.4449","0.4593","0.4739","0.491","0.4962","0.5244","0.5337","0.5371","0.5726","0.5913","0.5968","0.6253","0.6117","0.5753","0.57","0.5428","0.5811","0.5841","0.5813","0.6156","0.5921","0.5989","0.6198","",
"Sierra Leone","SLE","Total greenhouse gas emissions excluding LULUCF (Mt CO2e)","EN.GHG.ALL.MT.CE.AR5","","","","","","","","","","","2.1119","2.1373","2.1668","2.1884","2.255","2.3404","2.4101","2.4625","2.5236","2.5163","2.538","2.5171","2.5993","2.5601","2.5065","2.5478","2.6881","2.9887","3.0315","2.9673","3.4734","3.6776","3.3429","3.3508","3.3594","3.446","3.5093","3.5726","3.6131","3.6957","3.3908","3.4526","3.62","3.8052","3.9932","4.4614","5.099","4.6214","4.8099","5.1794","5.4572","5.861","6.1974","6.503","6.7112","6.2429","6.3195","6.3432","6.5519","6.7021","6.8742","7.8333","7.3355","7.7945","7.9285","",
"El Salvador","SLV","Total greenhouse gas emissions excluding LULUCF (Mt CO2e)","EN.GHG.ALL.MT.CE.AR5","","","","","","","","","","","5.3753","5.2456","5.6211","5.6235","5.757","6.0901","6.3894","6.8155","7.1986","6.9745","6.2255","6.1229","5.6362","5.7616","5.6728","6.1115","6.0747","6.6862","6.7529","6.7831","7.0834","7.9506","8.487","8.7367","9.476","9.6608","9.6054","10.7404","10.6597","10.7713","10.2699","10.8425","11.0045","11.4652","11.875","12.1479","12.6386","12.8902","12.3786","12.1013","11.7582","11.6763","11.9408","11.1291","11.615","12.1114","12.0696","11.4214","11.7398","12.7669","11.6461","12.5969","13.6027","14.3801","14.7516","",
"San Marino","SMR","Total greenhouse gas emissions excluding LULUCF (Mt CO2e)","EN.GHG.ALL.MT.CE.AR5","","","","","","","","","","","","","","","","","","","","","","","","","","","","","","","","","","","","","","","","","","","","","","","","","","","","","","","","","","","","","","","","","","",
"Somalia, Fed. Rep.","SOM","Total greenhouse gas emissions excluding LULUCF (Mt CO2e)","EN.GHG.ALL.MT.CE.AR5","","","","","","","","","","","18.5808","18.4464","18.8002","18.6359","18.3735","19.778","19.7526","21.0734","22.6551","22.6969","22.6225","23.5541","24.2086","23.5766","23.9838","24.7584","25.109","26.041","27.0599","26.8906","25.6664","22.8635","20.9865","22.9439","24.7616","25.5318","26.1921","26.7803","26.897","27.5764","28.3012","28.8167","29.3839","29.9209","30.4318","31.173","30.3038","29.0701","29.5283","29.8965","30.2512","30.6435","30.9248","31.0797","31.324","31.4476","31.8113","32.0384","32.58","33.1088","33.5084","33.3842","33.6447","34.2447","34.4169","",
"Serbia","SRB","Total greenhouse gas emissions excluding LULUCF (Mt CO2e)","EN.GHG.ALL.MT.CE.AR5","","","","","","","","","","","","","","","","","","","","","","","","","","","","","","","","","","","","","","","","","","","","","","","","","","","","","","","","","","","","","","","","","","",
"Sub-Saharan Africa (excluding high income)","SSA","Total greenhouse gas emissions excluding LULUCF (Mt CO2e)","EN.GHG.ALL.MT.CE.AR5","","","","","","","","","","","735.2553","752.9643","802.7698","869.5968","922.7795","888.8874","948.7058","951.88","931.4209","1014.8906","1013.9727","976.3754","1003.227","1010.5827","1046.5649","1077.1258","1078.7046","1092.8161","1128.7872","1164.0391","1194.9847","1203.2986","1231.5247","1249.5416","1302.385","1379.1832","1485.0554","1484.7874","1495.7887","1492.0596","1539.5943","1568.85","1525.2391","1613.438","1665.771","1698.7946","1678.5937","1704.6459","1769.3052","1737.0385","1806.4172","1835.4504","1891.6406","1939.4315","1992.9094","2004.1806","2026.9277","2055.2511","2099.903","2155.9335","2115.0039","2163.8977","2176.6655","2198.664","2251.1546","",
"South Sudan","SSD","Total greenhouse gas emissions excluding LULUCF (Mt CO2e)","EN.GHG.ALL.MT.CE.AR5","","","","","","","","","","","","","","","","","","","","","","","","","","","","","","","","","","","","","","","","","","","","","","","","","","","","","","","","","","","","","","","","","","",
"Sub-Saharan Africa","SSF","Total greenhouse gas emissions excluding LULUCF (Mt CO2e)","EN.GHG.ALL.MT.CE.AR5","","","","","","","","","","","791.0435","809.0885","858.3582","925.7524","978.8649","943.443","1003.099","1006.9161","987.0258","1071.0293","1070.0815","1032.8906","1060.7858","1069.813","1104.3121","1137.2716","1142.2131","1154.2161","1191.1584","1229.4518","1262.078","1271.4004","1301.412","1314.415","1369.8667","1447.8026","1557.1366","1559.2757","1575.2817","1571.6589","1617.4937","1652.2968","1616.3706","1703.8575","1759.0217","1795.3618","1781.0638","1816.5845","1886.7706","1859.2889","1934.2098","1962.9701","2024.4677","2077.3453","2137.089","2152.968","2182.409","2214.3373","2263.6786","2330.7905","2297.4657","2341.738","2358.0664","2388.0461","2444.835","",
"Small states","SST","Total greenhouse gas emissions excluding LULUCF (Mt CO2e)","EN.GHG.ALL.MT.CE.AR5","","","","","","","","","","","62.2591","62.7179","66.482","72.8868","75.7339","77.8928","81.8779","85.6905","89.4372","91.1377","94.7956","94.6771","95.5711","94.9253","95.4427","94.4162","94.5659","95.6619","95.5607","94.3206","103.3115","101.5244","90.5322","86.7949","91.9131","89.4148","92.6747","93.6536","95.4951","96.3886","97.8341","102.3222","101.4662","110.4947","114.395","121.8244","130.4031","135.4158","135.4999","129.6029","138.4118","138.6162","136.3883","136.3337","136.4406","133.1224","130.2429","131.1084","133.0722","127.2798","120.0262","121.5809","125.7228","121.3672","121.5778","",
"Sao Tome and Principe","STP","Total greenhouse gas emissions excluding LULUCF (Mt CO2e)","EN.GHG.ALL.MT.CE.AR5","","","","","","","","","","","0.0342","0.0341","0.0336","0.0348","0.0357","0.0374","0.0395","0.04","0.0407","0.0437","0.0435","0.0443","0.043","0.0456","0.0459","0.0463","0.0496","0.0596","0.0577","0.0561","0.0833","0.0981","0.0911","0.0905","0.1015","0.1048","0.108","0.1088","0.1111","0.1181","0.1158","0.1157","0.1267","0.1377","0.148","0.1568","0.1635","0.1667","0.1756","0.1883","0.1984","0.2036","0.2103","0.2137","0.2144","0.2251","0.2333","0.2384","0.2425","0.2518","0.2487","0.2513","0.2365","0.2421","0.2455","",
"Suriname","SUR","Total greenhouse gas emissions excluding LULUCF (Mt CO2e)","EN.GHG.ALL.MT.CE.AR5","","","","","","","","","","","1.7594","1.7617","1.7242","1.948","1.8735","1.7666","1.8377","1.9987","2.1471","2.1503","2.2122","2.0107","2.0104","1.8083","1.6767","1.8099","1.8316","1.5381","1.641","1.8486","2.2134","2.4613","2.5984","2.4765","2.4388","2.4759","2.4856","2.4583","2.4707","2.3954","2.5281","2.5483","1.9677","2.1888","2.3325","2.6045","2.4806","2.3731","2.4588","2.5673","2.8783","3.1134","3.5822","3.4655","3.8349","3.9231","4.1935","3.6574","3.3176","3.8786","3.7911","3.9148","3.9564","3.5867","3.6666","",
"Slovak Republic","SVK","Total greenhouse gas emissions excluding LULUCF (Mt CO2e)","EN.GHG.ALL.MT.CE.AR5","","","","","","","","","","","56.314","56.4929","57.3436","58.6091","59.2402","60.6335","61.4926","63.7007","70.3615","71.6002","75.6788","73.6416","71.9061","71.8626","74.2323","73.7866","71.1592","72.7911","74.1888","73.7391","73.8447","64.2775","59.5674","57.803","54.851","54.8369","55.3777","54.6771","53.7674","52.6129","50.482","51.0583","50.5961","51.2172","50.9486","51.0954","51.3174","50.2455","50.1037","45.7646","49.1014","47.48","45.3814","45.8419","43.0451","43.9296","44.8014","47.0651","46.6697","44.0185","41.9962","46.3719","42.5243","40.3077","39.0008","",
"Slovenia","SVN","Total greenhouse gas emissions excluding LULUCF (Mt CO2e)","EN.GHG.ALL.MT.CE.AR5","","","","","","","","","","","13.9826","14.3121","13.9132","15.4256","16.5766","16.6477","16.1901","17.2264","18.1274","18.8214","19.1384","16.7716","17.0615","19.8557","20.1034","19.6766","19.5351","19.111","23.3598","22.0654","21.0741","19.7371","18.7922","19.3457","19.177","20.079","20.7356","21.5071","21.3464","20.7277","20.5107","22.3482","22.9941","22.8311","23.3656","23.5076","23.5878","23.5153","24.1343","21.8701","22.0039","21.0234","20.3663","20.324","18.6784","18.888","19.792","20.0988","20.0332","19.3546","18.0238","18.1905","17.4982","16.6771","17.3369","",
"Sweden","SWE","Total greenhouse gas emissions excluding LULUCF (Mt CO2e)","EN.GHG.ALL.MT.CE.AR5","","","","","","","","","","","114.711","107.6736","107.9386","109.5438","102.7112","104.3628","111.3763","107.3883","102.1462","105.5547","97.969","90.3166","84.0071","78.3406","78.0603","81.8298","82.7548","80.4581","78.4566","75.8323","75.2519","75.4662","78.2562","78.697","81.6286","81.0279","86.4905","80.4368","81.3802","79.797","76.1995","75.7426","77.1165","77.2382","75.6856","71.9241","72.1766","69.7622","68.0879","63.0904","69.1866","64.633","61.748","59.711","58.3613","58.3909","58.0175","57.3362","54.8468","54.9209","53.7054","55.8177","52.8307","51.4013","52.5658","",
"Eswatini","SWZ","Total greenhouse gas emissions excluding LULUCF (Mt CO2e)","EN.GHG.ALL.MT.CE.AR5","","","","","","","","","","","1.8589","1.8736","1.9437","2.0045","2.0449","2.1236","2.1938","2.1604","2.5718","2.6253","2.6499","2.6142","2.5852","2.4404","2.4473","2.5939","2.697","2.6935","2.7325","2.8259","3.2217","3.2955","3.1473","2.7879","3.5441","3.5188","3.3025","3.3698","3.3184","3.533","3.255","3.1169","3.1423","3.1815","3.2144","3.187","3.1102","3.1883","3.1209","3.0837","2.7882","2.6629","2.6757","2.8859","2.8963","2.8931","2.9365","2.9081","2.9151","3.0111","2.8571","2.9059","3.0492","2.9217","2.9298","",
"Sint Maarten (Dutch part)","SXM","Total greenhouse gas emissions excluding LULUCF (Mt CO2e)","EN.GHG.ALL.MT.CE.AR5","","","","","","","","","","","","","","","","","","","","","","","","","","","","","","","","","","","","","","","","","","","","","","","","","","","","","","","","","","","","","","","","","","",
"Seychelles","SYC","Total greenhouse gas emissions excluding LULUCF (Mt CO2e)","EN.GHG.ALL.MT.CE.AR5","","","","","","","","","","","0.1301","0.1338","0.1355","0.1409","0.1517","0.1586","0.1646","0.1695","0.1735","0.1962","0.195","0.1596","0.142","0.2325","0.236","0.2459","0.2438","0.3422","0.4504","0.4334","0.3175","0.4349","0.3731","0.375","0.3743","0.3956","0.4078","0.4278","0.4369","0.4539","0.8185","0.903","0.8229","0.83","1.1328","1.0347","1.1228","0.9387","0.9939","1.0957","0.9908","0.8543","0.9629","0.878","1.0063","1.0695","1.1897","1.2448","1.0934","0.9828","0.9284","0.8797","0.9373","0.9352","0.9764","",
"Syrian Arab Republic","SYR","Total greenhouse gas emissions excluding LULUCF (Mt CO2e)","EN.GHG.ALL.MT.CE.AR5","","","","","","","","","","","15.601","15.6032","15.9856","15.2779","18.612","23.3192","25.5407","25.9972","27.3978","29.9115","29.9049","32.2411","35.1853","39.6403","42.3454","40.1197","42.0868","50.9262","52.9082","55.9274","63.399","71.8428","71.2545","75.2307","78.2175","79.8086","82.8209","81.5829","83.5982","82.8496","84.9531","77.6545","73.3106","73.7468","74.7096","86.6424","88.4347","92.3729","92.0369","89.2459","88.7864","84.4324","66.593","47.9008","47.0355","43.7198","41.3362","46.2696","47.8015","47.3415","46.3394","46.2861","45.6991","46.5307","47.1656","",
"Turks and Caicos Islands","TCA","Total greenhouse gas emissions excluding LULUCF (Mt CO2e)","EN.GHG.ALL.MT.CE.AR5","","","","","","","","","","","0.0045","0.0047","0.0054","0.0055","0.0051","0.0059","0.0056","0.0061","0.0061","0.0061","0.0061","0.0062","0.0061","0.0062","0.0068","0.0071","0.0074","0.0079","0.0085","0.0089","0.0092","0.0095","0.0099","0.0102","0.0107","0.011","0.0112","0.0114","0.0123","0.0128","0.0257","0.0271","0.0355","0.0327","0.0359","0.0427","0.0518","0.062","0.0695","0.0763","0.084","0.0673","0.0698","0.0793","0.0871","0.0913","0.0983","0.0981","0.2015","0.2323","0.225","0.2243","0.2295","0.23","0.2378","",
"Chad","TCD","Total greenhouse gas emissions excluding LULUCF (Mt CO2e)","EN.GHG.ALL.MT.CE.AR5","","","","","","","","","","","8.7495","8.8404","9.4319","8.5325","7.0965","7.3779","7.6649","8.3189","8.5961","8.8881","9.0983","9.2383","9.7929","9.7715","8.0423","8.1831","8.7597","9.2242","9.5387","9.985","11.0657","17.9493","18.6912","19.2919","20.3073","21.2371","22.0874","22.8364","24.1335","25.4532","26.57","27.8361","29.3279","31.4563","34.7374","36.6351","38.302","40.2218","41.978","44.0538","46.6298","48.9602","52.0802","54.7517","57.7579","62.7645","66.1083","69.9762","74.1145","78.0828","82.4158","86.1413","91.5312","96.8733","101.1738","",
"East Asia & Pacific (IDA & IBRD countries)","TEA","Total greenhouse gas emissions excluding LULUCF (Mt CO2e)","EN.GHG.ALL.MT.CE.AR5","","","","","","","","","","","2195.7297","2231.0407","2304.2813","2392.0073","2418.6566","2618.6826","2696.0403","2919.6933","3163.6485","3242.5808","3235.3449","3229.3113","3335.1594","3479.546","3688.5","3728.4436","3896.2692","4103.3791","4331.9766","4494.6527","4629.4316","4813.9674","4977.6104","5233.3419","5476.2305","5960.6682","6041.9842","6124.1286","6207.7067","6208.2892","6456.6841","6694.538","7070.9795","7855.2804","8773.1081","9678.084","10519.0882","11196.453","11447.922","12108.3215","13075.0135","14180.513","14594.2216","15142.195","15374.4201","15262.4976","15295.6366","15642.723","16375.4409","16830.3804","16939.2073","17614.6225","17806.2373","18520.549","18798.0739","",
"Europe & Central Asia (IDA & IBRD countries)","TEC","Total greenhouse gas emissions excluding LULUCF (Mt CO2e)","EN.GHG.ALL.MT.CE.AR5","","","","","","","","","","","3826.9645","3869.4286","4050.2379","4273.3007","4454.8222","4669.4458","4838.9982","4955.1209","5222.8039","5300.1526","5422.7112","5345.8394","5409.4678","5475.1739","5553.2609","5611.3385","5743.1141","5897.9485","5958.597","5941.4381","6144.1057","5901.6713","5457.4933","5028.7436","4577.5368","4451.8498","4309.8118","4106.6618","4033.515","4034.7197","4089.8546","4077.5779","4109.1173","4268.2208","4288.1997","4311.3242","4451.0038","4521.6554","4541.7382","4251.2476","4453.9557","4649.4352","4645.8621","4578.5133","4482.3481","4423.5876","4481.0759","4598.4924","4713.0795","4696.7977","4604.7595","4904.7885","4751.7755","4756.4815","4825.3245","",
"Togo","TGO","Total greenhouse gas emissions excluding LULUCF (Mt CO2e)","EN.GHG.ALL.MT.CE.AR5","","","","","","","","","","","1.9678","1.7676","1.9006","1.8617","1.863","1.981","1.9542","2.0777","2.1572","2.2076","2.1005","2.1265","2.365","2.162","2.2812","2.3352","2.6612","2.8035","3.0089","3.0437","3.2488","3.1303","2.8717","2.7993","3.2532","3.2052","3.8932","3.8134","4.2199","4.7182","4.7254","4.7178","4.8943","5.2488","5.2731","5.4548","5.4302","5.4985","5.9843","7.3898","7.2961","7.2213","7.5998","7.4794","7.2483","7.2801","8.0746","7.8173","8.2848","8.7286","9.3529","9.745","10.1281","10.5451","10.8443","",
"Thailand","THA","Total greenhouse gas emissions excluding LULUCF (Mt CO2e)","EN.GHG.ALL.MT.CE.AR5","","","","","","","","","","","81.6178","81.3715","82.4969","88.437","87.4681","92.1404","96.9889","101.3272","108.1406","108.8251","111.0716","113.1769","112.8395","117.7201","122.5296","129.2239","131.0306","139.749","152.1846","166.6644","183.2821","197.6771","208.5351","223.3166","239.1849","255.4988","275.1159","279.4812","255.8449","265.4609","266.5868","278.6569","291.779","305.2296","327.0301","338.8722","343.8979","355.1025","356.9906","354.2997","373.9503","373.9837","392.5641","403.8667","395.7063","401.3825","401.0899","406.6368","402.1173","410.4601","403.9095","398.6981","417.7712","410.6628","422.3873","",
"Tajikistan","TJK","Total greenhouse gas emissions excluding LULUCF (Mt CO2e)","EN.GHG.ALL.MT.CE.AR5","","","","","","","","","","","14.2262","14.5654","15.1699","15.7674","16.3962","17.2958","17.6724","18.0443","18.4716","18.917","20.225","20.3485","20.1581","20.6516","20.8839","21.5911","22.292","22.7884","23.0198","23.1908","21.9852","22.5812","18.5066","14.1244","11.5825","11.0236","9.8766","10.0504","10.1736","10.025","10.5086","9.9992","10.8572","10.1997","12.3344","11.8089","12.4889","13.9718","12.7895","12.0066","11.8875","11.8545","12.8296","13.0525","14.518","15.2879","16.3223","18.0551","19.4273","20.4106","21.1264","21.3532","21.849","21.6738","22.189","",
"Turkmenistan","TKM","Total greenhouse gas emissions excluding LULUCF (Mt CO2e)","EN.GHG.ALL.MT.CE.AR5","","","","","","","","","","","28.6453","28.905","30.227","31.5159","32.9266","35.328","36.2876","37.5301","39.6264","40.8389","43.0839","44.0931","45.141","46.3433","47.7804","48.9951","50.5949","52.0309","53.1186","53.5668","61.3182","55.5463","42.6701","42.0371","47.203","47.0475","45.4069","42.3969","46.5279","57.0365","59.5897","61.2012","67.5835","77.0118","80.8717","81.222","85.2256","89.7992","93.563","81.744","88.8567","95.5483","99.4391","98.4199","97.0348","102.8238","100.9136","105.3017","107.1599","106.3272","109.8841","128.4349","134.7789","128.3196","114.8122","",
"Latin America & the Caribbean (IDA & IBRD countries)","TLA","Total greenhouse gas emissions excluding LULUCF (Mt CO2e)","EN.GHG.ALL.MT.CE.AR5","","","","","","","","","","","1191.5921","1208.9165","1264.9513","1334.349","1385.9407","1418.9923","1491.4817","1538.9993","1587.2453","1650.9655","1719.6804","1728.425","1757.2493","1738.9397","1775.9041","1799.0953","1840.9521","1890.7689","1927.6844","1973.0564","1961.3889","2020.4889","2069.7206","2131.9123","2225.2292","2263.723","2331.0247","2416.3927","2476.3408","2473.3653","2526.1879","2544.6302","2581.781","2667.0128","2775.3541","2846.693","2907.4244","2975.0787","3043.7754","2991.6097","3120.9321","3198.8282","3287.9934","3344.268","3368.0904","3366.7706","3351.5416","3347.5517","3301.0256","3328.8364","3164.9863","3329.8924","3379.4635","3429.8196","3453.8197","",
"Timor-Leste","TLS","Total greenhouse gas emissions excluding LULUCF (Mt CO2e)","EN.GHG.ALL.MT.CE.AR5","","","","","","","","","","","0.6092","0.6269","0.6721","0.6807","0.6764","0.6133","0.5468","0.4746","0.4187","0.3437","0.3107","0.3139","0.3365","0.3606","0.3882","0.4169","0.4326","0.4488","0.4513","0.488","0.5297","0.6018","0.61","0.6603","0.7438","0.7536","0.8017","0.791","0.8941","0.9066","1.0226","1.0805","1.0619","1.0815","1.6825","2.0152","2.1608","1.9758","2.1781","2.1721","2.0811","2.2237","2.6146","2.3783","2.1604","2.2115","2.016","1.8953","1.8814","2.1095","1.9141","1.8925","1.9329","1.877","1.9401","",
"Middle East, North Africa, Afghanistan & Pakistan (IDA & IBRD)","TMN","Total greenhouse gas emissions excluding LULUCF (Mt CO2e)","EN.GHG.ALL.MT.CE.AR5","","","","","","","","","","","739.6724","743.2281","758.1517","836.3899","823.5891","840.7401","939.1982","959.1242","980.912","995.093","895.1579","791.1865","860.9796","910.2249","939.897","994.0306","1025.1088","1085.212","1140.9091","1209.2865","1241.3707","1217.594","1292.9261","1343.0404","1419.2888","1467.288","1506.6847","1557.6196","1536.3752","1587.8991","1661.2552","1682.1534","1698.7509","1775.1756","1864.3252","1961.8864","2058.0918","2111.397","2171.8834","2229.6567","2277.296","2279.4075","2359.8218","2384.6081","2428.0485","2431.4811","2556.9657","2672.0239","2692.1503","2740.5322","2718.0231","2878.1068","2940.9311","3002.5357","3053.913","",
"Tonga","TON","Total greenhouse gas emissions excluding LULUCF (Mt CO2e)","EN.GHG.ALL.MT.CE.AR5","","","","","","","","","","","0.0672","0.0671","0.0691","0.0793","0.0883","0.0916","0.0984","0.1082","0.1258","0.1292","0.1344","0.1602","0.1505","0.1349","0.1222","0.1394","0.1234","0.1689","0.1918","0.1974","0.1941","0.1995","0.2091","0.2097","0.2485","0.2191","0.236","0.2465","0.2535","0.2553","0.2081","0.203","0.2136","0.2353","0.2213","0.2311","0.2434","0.2247","0.2348","0.2421","0.2378","0.2315","0.2308","0.2323","0.2456","0.2494","0.2589","0.2716","0.2644","0.2836","0.308","0.329","0.2837","0.2842","0.2929","",
"South Asia (IDA & IBRD)","TSA","Total greenhouse gas emissions excluding LULUCF (Mt CO2e)","EN.GHG.ALL.MT.CE.AR5","","","","","","","","","","","810.3637","815.6176","829.2334","838.5646","860.8896","897.4256","921.4678","945.7409","955.3319","984.134","1011.6816","1062.3173","1090.3453","1143.0198","1198.1377","1232.7738","1297.3152","1336.3519","1409.2002","1470.9081","1468.8078","1526.7395","1564.972","1599.3837","1659.8536","1731.0361","1782.7345","1842.3665","1873.9338","1950.3777","1989.3091","2020.0219","2052.2403","2107.4538","2212.4615","2290.1617","2397.6656","2547.1842","2682.5049","2797.1012","2935.1381","3079.802","3267.1691","3305.8106","3495.9787","3563.8753","3623.8639","3775.6393","3921.9156","3934.7667","3753.5898","4030.4752","4271.4577","4504.2552","4675.5304","",
"Sub-Saharan Africa (IDA & IBRD countries)","TSS","Total greenhouse gas emissions excluding LULUCF (Mt CO2e)","EN.GHG.ALL.MT.CE.AR5","","","","","","","","","","","791.0435","809.0885","858.3582","925.7524","978.8649","943.443","1003.099","1006.9161","987.0258","1071.0293","1070.0815","1032.8906","1060.7858","1069.813","1104.3121","1137.2716","1142.2131","1154.2161","1191.1584","1229.4518","1262.078","1271.4004","1301.412","1314.415","1369.8667","1447.8026","1557.1366","1559.2757","1575.2817","1571.6589","1617.4937","1652.2968","1616.3706","1703.8575","1759.0217","1795.3618","1781.0638","1816.5845","1886.7706","1859.2889","1934.2098","1962.9701","2024.4677","2077.3453","2137.089","2152.968","2182.409","2214.3373","2263.6786","2330.7905","2297.4657","2341.738","2358.0664","2388.0461","2444.835","",
"Trinidad and Tobago","TTO","Total greenhouse gas emissions excluding LULUCF (Mt CO2e)","EN.GHG.ALL.MT.CE.AR5","","","","","","","","","","","9.0843","9.1161","8.8157","9.2322","9.4793","8.9119","10.0452","10.9518","11.3343","11.4071","12.2444","12.6884","13.7301","14.0667","14.7596","15.1272","14.872","15.1617","15.9415","15.9607","15.894","16.1195","16.3763","16.1629","17.8985","17.3193","18.3895","18.2485","22.0172","22.5919","23.5022","26.2946","28.3449","32.4057","34.547","41.542","45.6992","46.5095","45.5018","44.3753","48.0744","48.2117","44.706","43.9096","43.7752","43.3621","40.05","39.0762","39.2792","40.0682","36.524","35.3065","35.1893","33.6754","33.5866","",
"Tunisia","TUN","Total greenhouse gas emissions excluding LULUCF (Mt CO2e)","EN.GHG.ALL.MT.CE.AR5","","","","","","","","","","","10.4734","10.8467","11.5698","11.6757","12.5208","12.9651","12.9584","14.0543","14.7565","15.8886","17.0759","17.5285","17.3937","19.1222","19.8444","20.3401","20.5771","20.894","21.6137","22.7583","23.2182","24.2798","25.4398","25.9952","25.7389","26.2354","27.2379","27.6883","29.0051","30.5539","31.6044","32.58","32.3263","32.0343","33.6074","34.8237","36.2035","37.0607","38.341","38.2274","40.1416","38.3174","40.3244","40.0553","42.0137","42.4361","41.6274","41.8407","41.8308","41.8837","40.3555","43.3199","42.7054","43.6021","44.621","",
"Turkiye","TUR","Total greenhouse gas emissions excluding LULUCF (Mt CO2e)","EN.GHG.ALL.MT.CE.AR5","","","","","","","","","","","101.5702","105.8648","114.7725","120.5474","123.7648","130.9107","141.0682","150.7825","150.5964","145.3999","150.514","153.5524","161.8465","165.9669","172.6435","177.0939","189.5766","202.4068","197.8931","212.3052","226.1778","222.4251","231.823","238.5519","234.6624","250.778","267.8696","277.9117","280.2926","278.9113","301.8184","278.6054","289.7373","302.7071","309.6687","320.7302","352.1909","379.2564","378.8085","383.4098","394.8512","418.0067","434.1387","427.8429","451.7437","465.3477","492.3681","535.8772","538.8942","528.9145","543.4289","581.9848","564.2614","564.0621","579.5068","",
"Tuvalu","TUV","Total greenhouse gas emissions excluding LULUCF (Mt CO2e)","EN.GHG.ALL.MT.CE.AR5","","","","","","","","","","","0.0018","0.0018","0.0018","0.0019","0.0019","0.0019","0.0019","0.0019","0.0019","0.002","0.0021","0.002","0.0022","0.0022","0.0024","0.0026","0.0026","0.0025","0.0025","0.003","0.0031","0.0034","0.0034","0.0033","0.0034","0.0034","0.0034","0.0034","0.0034","0.0035","0.0035","0.0035","0.0036","0.0036","0.0036","0.0036","0.0036","0.0036","0.0037","0.0037","0.0037","0.0037","0.0037","0.0038","0.0038","0.0038","0.0038","0.0038","0.0038","0.0039","0.004","0.004","0.0041","0.0041","0.0041","",
"Tanzania","TZA","Total greenhouse gas emissions excluding LULUCF (Mt CO2e)","EN.GHG.ALL.MT.CE.AR5","","","","","","","","","","","19.034","19.2312","19.7585","20.0507","20.2719","20.625","21.3999","21.9333","22.5864","23.2314","23.6184","24.3548","26.4433","28.09","26.4175","27.1091","28.0876","28.7575","29.2481","28.3267","29.1974","29.0789","30.0579","31.5876","31.2266","35.0758","33.4609","32.8708","34.4449","38.1065","39.1968","40.0359","41.2736","43.0491","44.6146","46.441","48.0044","48.0086","49.44","50.1256","52.9243","57.7279","61.1353","65.1655","66.8365","70.4158","72.5574","73.1608","74.277","79.4425","81.8797","85.3282","89.5229","99.485","102.525","",
"Uganda","UGA","Total greenhouse gas emissions excluding LULUCF (Mt CO2e)","EN.GHG.ALL.MT.CE.AR5","","","","","","","","","","","11.202","11.2698","11.6198","11.8523","12.1447","12.41","12.9723","12.9361","13.4903","13.6577","13.0603","13.0442","13.3281","13.5395","13.8982","14.2169","14.7018","12.8923","13.649","14.1519","15.2944","15.9206","16.296","16.7206","16.4564","17.0573","17.4821","17.959","18.6383","19.1664","19.6339","20.2044","21.0556","21.9404","22.51","23.6879","24.4881","25.8175","33.3818","34.7256","35.8324","37.3811","38.6247","39.6553","41.3837","43.4284","45.3988","45.9647","48.0743","49.9804","50.9181","53.5602","54.2696","56.6028","57.2982","",
"Ukraine","UKR","Total greenhouse gas emissions excluding LULUCF (Mt CO2e)","EN.GHG.ALL.MT.CE.AR5","","","","","","","","","","","612.8137","616.7778","647.3968","682.5765","711.4967","741.5621","763.4131","776.8506","821.4364","836.6969","857.8376","847.1165","846.4188","849.5896","855.136","857.906","875.4449","899.5957","905.3615","902.3787","977.9458","918.8029","818.6225","725.0741","613.5035","597.3691","518.0761","496.0794","469.7716","468.3291","462.1109","460.2655","463.1576","495.6579","468.9643","456.2352","455.7343","471.2176","455.9925","389.7941","414.1999","441.1345","431.6528","423.1549","372.0593","316.8593","322.8815","297.8249","311.1926","301.6375","292.7273","285.0364","199.7695","201.6123","196.964","",
"Upper middle income","UMC","Total greenhouse gas emissions excluding LULUCF (Mt CO2e)","EN.GHG.ALL.MT.CE.AR5","","","","","","","","","","","4971.391","5033.6102","5242.4305","5547.8254","5678.4106","6002.7813","6304.6086","6617.1018","6958.613","7116.9112","7106.5925","6986.9379","7179.324","7342.8728","7639.8611","7741.5628","7991.1783","8336.4908","8646.6571","8896.8187","9177.923","9252.2158","9333.8207","9483.378","9666.7352","10153.667","10193.3401","10340.0739","10420.6859","10393.8641","10773.1304","11003.8813","11442.1162","12448.3378","13505.0486","14516.797","15522.7817","16319.589","16714.0275","17191.3995","18374.5058","19592.8145","20158.7378","20786.1069","20977.6187","20734.7349","20847.0375","21276.7275","21990.6787","22445.316","22377.3559","23394.6021","23545.5214","24301.3986","24575.1694","",
"Uruguay","URY","Total greenhouse gas emissions excluding LULUCF (Mt CO2e)","EN.GHG.ALL.MT.CE.AR5","","","","","","","","","","","28.5686","28.2297","29.1335","29.9118","30.9874","32.9468","31.3569","30.9909","31.3546","33.0106","35.0587","35.296","34.4631","30.1948","28.4858","29.0224","29.2134","31.0433","33.1384","31.7687","28.9014","30.6994","32.5459","33.281","33.4421","33.793","35.2407","34.972","34.5108","35.6535","33.8289","33.48","34.1797","35.1329","37.1488","37.303","39.3341","38.502","42.1101","41.4935","38.4637","39.6781","40.267","39.0731","39.2291","39.673","39.88","39.0143","38.6614","39.2381","38.6049","42.2718","41.1104","42.9272","44.6271","",
"United States","USA","Total greenhouse gas emissions excluding LULUCF (Mt CO2e)","EN.GHG.ALL.MT.CE.AR5","","","","","","","","","","","5788.2114","5661.1298","5930.4813","6128.5708","5948.9742","5730.1665","6043.9505","6199.7839","6193.9774","6259.7558","6027.2338","5949.3773","5681.1132","5651.2482","5882.1852","5892.8164","5846.3343","6007.3421","6238.1451","6296.0128","6216.3265","6161.4166","6258.6455","6380.3569","6490.8882","6558.6972","6728.0765","7010.4522","7055.1206","7060.1696","7219.8245","7157.7928","6992.3986","7058.6437","7157.7987","7160.639","7041.3086","7129.1818","6941.7305","6487.701","6754.1864","6546.87","6311.6935","6448.6367","6488.4768","6364.0037","6237.738","6183.6445","6370.4476","6248.2429","5703.9154","6000.5067","6074.2362","5890.9864","5912.6177","",
"Uzbekistan","UZB","Total greenhouse gas emissions excluding LULUCF (Mt CO2e)","EN.GHG.ALL.MT.CE.AR5","","","","","","","","","","","78.5921","79.7919","83.634","87.6557","92.2831","99.8086","101.2232","104.6194","109.3348","112.6856","119.6786","122.9758","126.5587","130.73","135.1266","139.384","144.4087","149.2832","151.7595","152.7275","163.1813","162.5073","152.7072","153.378","150.3779","142.1961","146.6238","145.087","160.9657","159.5104","169.405","175.0142","185.7878","174.1371","176.1412","177.2523","189.41","183.6009","195.1412","176.5481","192.4441","198.3916","187.0615","186.4686","178.1141","173.1853","182.9667","188.0524","185.5182","189.6361","198.2383","210.4789","206.8547","211.3657","227.4884","",
"St. Vincent and the Grenadines","VCT","Total greenhouse gas emissions excluding LULUCF (Mt CO2e)","EN.GHG.ALL.MT.CE.AR5","","","","","","","","","","","0.0465","0.0476","0.0504","0.0519","0.0512","0.0544","0.0539","0.0563","0.0571","0.058","0.0588","0.0597","0.06","0.061","0.0653","0.0658","0.0637","0.061","0.0683","0.0775","0.0785","0.076","0.0824","0.0763","0.1002","0.1053","0.0994","0.1102","0.1176","0.1185","0.0924","0.0989","0.1059","0.1096","0.1144","0.1168","0.1244","0.1306","0.1344","0.179","0.1515","0.125","0.1428","0.1356","0.1453","0.1476","0.1534","0.1613","0.1622","0.1688","0.176","0.1694","0.18","0.1807","0.1852","",
"Venezuela, RB","VEN","Total greenhouse gas emissions excluding LULUCF (Mt CO2e)","EN.GHG.ALL.MT.CE.AR5","","","","","","","","","","","106.7952","106.1478","105.9804","116.0679","113.2933","106.4998","110.1818","113.3593","119.326","132.0797","140.566","141.4596","142.8589","140.6722","145.7121","143.8958","146.5676","152.6515","151.1631","158.2424","163.731","168.8638","169.8582","174.2995","188.2662","191.0712","207.1845","212.1323","217.3185","213.0817","222.8468","229.0593","230.2707","225.321","235.966","244.9699","247.8593","246.7892","258.0486","256.0194","260.9671","258.049","284.5548","283.6562","281.468","262.949","246.1419","231.0814","210.6357","189.5028","141.5035","141.3264","160.2607","165.3115","167.3184","",
"British Virgin Islands","VGB","Total greenhouse gas emissions excluding LULUCF (Mt CO2e)","EN.GHG.ALL.MT.CE.AR5","","","","","","","","","","","0.0158","0.0163","0.0181","0.0184","0.0179","0.0197","0.0193","0.0203","0.0201","0.0201","0.0204","0.0251","0.024","0.0238","0.0205","0.0204","0.0164","0.0272","0.0287","0.0292","0.0291","0.0293","0.0295","0.0291","0.0296","0.0294","0.035","0.0358","0.0365","0.0369","0.0398","0.04","0.0435","0.0471","0.0482","0.0502","0.058","0.0619","0.0684","0.0772","0.0845","0.0695","0.0714","0.08","0.0849","0.0866","0.0923","0.0821","0.0814","0.1029","0.1003","0.1004","0.1046","0.105","0.1083","",
"Virgin Islands (U.S.)","VIR","Total greenhouse gas emissions excluding LULUCF (Mt CO2e)","EN.GHG.ALL.MT.CE.AR5","","","","","","","","","","","0.0225","0.0192","0.021","0.0215","0.0221","0.0228","0.0233","0.0237","0.0242","0.0247","0.0255","0.026","0.0272","0.0277","0.0283","0.029","0.0299","0.018","0.0242","0.0242","0.0239","0.024","0.0241","0.0239","0.024","0.0239","0.0238","0.0236","0.0235","0.0233","0.0232","0.024","0.024","0.024","0.024","0.024","0.024","0.0242","0.0242","0.0242","0.0242","0.0242","0.0242","0.0243","0.0244","0.0244","0.0244","0.0245","0.0245","0.0245","0.0245","0.0245","0.0245","0.0245","0.0245","",
"Viet Nam","VNM","Total greenhouse gas emissions excluding LULUCF (Mt CO2e)","EN.GHG.ALL.MT.CE.AR5","","","","","","","","","","","62.6817","63.0921","62.9603","66.8564","64.7548","66.2226","64.4774","66.2761","65.0917","67.3763","68.7097","71.6138","76.5242","79.3449","80.5132","82.3025","85.6204","87.5807","90.7812","90.417","91.8952","96.0461","100.5193","107.6963","115.2483","123.7955","132.2994","139.3721","149.6713","156.1279","163.6424","168.1308","182.8945","191.0392","213.4154","225.2049","231.4367","245.1668","256.1988","275.6843","292.7404","295.6414","295.4604","304.038","320.0895","343.6263","364.3785","370.3905","427.7399","484.71","492.9551","486.7794","494.4744","542.9235","584.2576","",
"Vanuatu","VUT","Total greenhouse gas emissions excluding LULUCF (Mt CO2e)","EN.GHG.ALL.MT.CE.AR5","","","","","","","","","","","0.2915","0.3131","0.3208","0.3628","0.3977","0.3897","0.4006","0.3959","0.3856","0.3859","0.3922","0.3753","0.3805","0.3866","0.3773","0.4118","0.4005","0.4121","0.4427","0.437","0.4696","0.4755","0.456","0.4811","0.4878","0.4846","0.4904","0.4962","0.5024","0.5132","0.5238","0.5139","0.5134","0.5446","0.5265","0.5351","0.5346","0.6622","0.6652","0.6476","0.6708","0.7052","0.6743","0.6783","0.7049","0.6354","0.5611","0.5289","0.595","0.5873","0.6227","0.6658","0.6476","0.6226","0.6321","",
"World","WLD","Total greenhouse gas emissions excluding LULUCF (Mt CO2e)","EN.GHG.ALL.MT.CE.AR5","","","","","","","","","","","23228.506264144","23262.161477333","24200.867463974","25423.897138325","25424.679820613","25445.008530766","26585.873374706","27272.383081009","27997.100227568","28713.071569548","28439.689463453","27937.885010194","27775.597673728","28027.897097014","28823.531704294","29138.665368561","29635.808788082","30395.987733477","31352.639359195","31920.673697577","32249.866915951","32322.913657496","32283.661302712","32363.428422874","32721.435459621","33546.502835837","34183.677838211","34587.073305376","34692.80850079","34923.598002336","35793.980384717","36099.483795785","36555.718923811","38064.796728653","39626.760851867","40919.624603104","42078.825888044","43350.586881897","43642.407234328","43188.41693082","45433.102837788","46808.098605241","47430.072884895","48193.437523686","48549.137332215","48451.420672913","48655.806379257","49478.56006411","50566.421973899","50829.629009719","48962.126893051","51187.953401185","51748.121503622","52540.765868581","53206.40126586","",
"Samoa","WSM","Total greenhouse gas emissions excluding LULUCF (Mt CO2e)","EN.GHG.ALL.MT.CE.AR5","","","","","","","","","","","0.1576","0.1578","0.1627","0.1779","0.2015","0.1889","0.1899","0.195","0.1968","0.2067","0.2177","0.2213","0.2397","0.2404","0.2579","0.2523","0.2396","0.2642","0.2654","0.2877","0.2944","0.2986","0.2915","0.312","0.3183","0.3012","0.3028","0.3073","0.3137","0.3139","0.3608","0.3894","0.3968","0.4059","0.4043","0.4119","0.4128","0.4254","0.4291","0.4396","0.4688","0.4813","0.4866","0.5013","0.51","0.5658","0.5721","0.5226","0.5337","0.5406","0.4666","0.5286","0.5116","0.508","0.5216","",
"Kosovo","XKX","Total greenhouse gas emissions excluding LULUCF (Mt CO2e)","EN.GHG.ALL.MT.CE.AR5","","","","","","","","","","","","","","","","","","","","","","","","","","","","","","","","","","","","","","","","","","","","","","","","","","","","","","","","","","","","","","","","","","",
"Yemen, Rep.","YEM","Total greenhouse gas emissions excluding LULUCF (Mt CO2e)","EN.GHG.ALL.MT.CE.AR5","","","","","","","","","","","5.3979","5.6947","5.9556","6.2602","6.4839","6.5021","6.8168","6.9385","7.2732","7.5512","8.5162","8.6395","9.2237","9.7919","10.0099","10.4704","11.0919","11.9983","15.7877","16.5857","17.5071","19.3779","19.9459","20.0066","22.594","23.1874","24.0702","25.736","26.7025","29.5911","32.4333","33.4098","33.7391","38.9463","39.9217","44.1974","48.7283","50.9569","50.253","53.5111","53.0202","47.4102","44.5069","52.9412","51.6613","31.4754","27.2083","28.292","31.8164","33.7054","33.051","33.6033","33.5629","32.3659","32.9028","",
"South Africa","ZAF","Total greenhouse gas emissions excluding LULUCF (Mt CO2e)","EN.GHG.ALL.MT.CE.AR5","","","","","","","","","","","241.1518","240.6574","247.9574","267.0392","276.1185","294.3219","310.3443","312.5788","292.1794","302.031","317.6927","334.2193","343.3557","346.7314","367.7871","373.2688","371.3279","388.398","394.1299","392.9151","407.0931","399.4787","393.4699","397.688","404.463","423.2644","437.4584","456.8219","464.1294","446.8372","449.6813","461.0861","475.9107","502.808","537.0016","549.4026","553.5642","575.5994","604.938","573.0525","581.5067","561.3166","582.7117","597.1763","610.893","584.9499","582.2042","599.0716","600.3929","604.7019","576.999","575.4292","556.0799","555.4453","569.8096","",
"Zambia","ZMB","Total greenhouse gas emissions excluding LULUCF (Mt CO2e)","EN.GHG.ALL.MT.CE.AR5","","","","","","","","","","","10.0803","10.3364","10.9175","11.3773","11.5942","11.8849","12.3134","12.0597","11.8767","11.6785","11.7372","11.7092","14.4935","14.4432","13.0805","14.5798","15.1851","14.6411","14.9227","15.8006","15.8641","14.8157","15.381","14.9245","14.3828","14.0202","13.6595","13.2725","14.8502","14.5327","14.01","15.1786","14.4562","15.0111","15.2732","16.2935","16.2946","15.7682","16.7026","18.2625","19.9409","19.7789","23.2692","24.5537","25.548","26.2109","27.0611","29.2846","30.9647","32.3912","33.0129","34.1493","37.1091","37.492","38.519","",
"Zimbabwe","ZWE","Total greenhouse gas emissions excluding LULUCF (Mt CO2e)","EN.GHG.ALL.MT.CE.AR5","","","","","","","","","","","21.7211","22.3157","21.958","23.5683","23.6543","22.9658","24.095","23.3026","22.2794","21.6553","21.9358","21.8562","22.2562","22.139","22.707","24.8651","27.1609","31.1271","30.808","31.1954","34.4442","34.3369","35.2592","30.7769","29.8751","29.7537","31.2586","30.1909","31.1001","34.4047","31.2436","31.406","28.6886","25.4367","24.6078","25.8978","24.8157","24.8398","22.2332","22.8139","25.9896","32.487","29.5335","29.6596","27.4098","28.4694","26.5928","26.0514","28.0311","26.4695","24.7938","27.1497","28.0256","30.125","30.7843","",
